pkg,downloads,date
clumper,54,2021-01-13
human-learn,8,2021-01-13
mktestdocs,2,2021-01-13
scikit-lego,45,2021-01-13
whatlies,6,2021-01-13
clumper,3,2021-01-14
human-learn,11,2021-01-14
mktestdocs,1,2021-01-14
scikit-lego,45,2021-01-14
whatlies,18,2021-01-14
clumper,18,2021-01-15
human-learn,30,2021-01-15
memo,6,2021-01-15
mktestdocs,4,2021-01-15
scikit-lego,36,2021-01-15
whatlies,97,2021-01-15
clumper,54,2021-01-16
human-learn,13,2021-01-16
memo,12,2021-01-16
mktestdocs,5,2021-01-16
scikit-lego,57,2021-01-16
whatlies,40,2021-01-16
clumper,24,2021-01-17
human-learn,7,2021-01-17
memo,139,2021-01-17
mktestdocs,12,2021-01-17
scikit-lego,49,2021-01-17
whatlies,110,2021-01-17
clumper,40,2021-01-18
human-learn,3,2021-01-18
memo,28,2021-01-18
mktestdocs,2,2021-01-18
scikit-lego,58,2021-01-18
whatlies,6,2021-01-18
clumper,37,2021-01-19
human-learn,28,2021-01-19
memo,18,2021-01-19
mktestdocs,6,2021-01-19
scikit-lego,120,2021-01-19
whatlies,152,2021-01-19
clumper,12,2021-01-20
human-learn,26,2021-01-20
memo,11,2021-01-20
mktestdocs,6,2021-01-20
scikit-lego,95,2021-01-20
whatlies,14,2021-01-20
clumper,6,2021-01-21
human-learn,6,2021-01-21
memo,15,2021-01-21
mktestdocs,4,2021-01-21
scikit-lego,44,2021-01-21
whatlies,92,2021-01-21
clumper,28,2021-01-22
human-learn,9,2021-01-22
memo,10,2021-01-22
mktestdocs,2,2021-01-22
scikit-lego,25,2021-01-22
whatlies,152,2021-01-22
clumper,21,2021-01-23
human-learn,1,2021-01-23
memo,12,2021-01-23
mktestdocs,3,2021-01-23
scikit-lego,25,2021-01-23
whatlies,86,2021-01-23
clumper,6,2021-01-24
human-learn,17,2021-01-24
memo,15,2021-01-24
mktestdocs,4,2021-01-24
scikit-lego,146,2021-01-24
whatlies,83,2021-01-24
clumper,71,2021-01-25
human-learn,30,2021-01-25
memo,28,2021-01-25
mktestdocs,8,2021-01-25
scikit-lego,31,2021-01-25
whatlies,49,2021-01-25
clumper,35,2021-01-26
human-learn,20,2021-01-26
memo,20,2021-01-26
mktestdocs,4,2021-01-26
scikit-lego,69,2021-01-26
whatlies,21,2021-01-26
clumper,31,2021-01-27
human-learn,11,2021-01-27
memo,15,2021-01-27
mktestdocs,5,2021-01-27
scikit-lego,131,2021-01-27
whatlies,162,2021-01-27
clumper,21,2021-01-28
human-learn,71,2021-01-28
memo,14,2021-01-28
mktestdocs,6,2021-01-28
scikit-lego,231,2021-01-28
whatlies,181,2021-01-28
clumper,57,2021-01-29
human-learn,11,2021-01-29
memo,35,2021-01-29
mktestdocs,7,2021-01-29
scikit-lego,59,2021-01-29
whatlies,42,2021-01-29
clumper,45,2021-01-30
human-learn,38,2021-01-30
memo,22,2021-01-30
mktestdocs,6,2021-01-30
scikit-lego,74,2021-01-30
whatlies,86,2021-01-30
clumper,61,2021-01-31
human-learn,21,2021-01-31
memo,22,2021-01-31
mktestdocs,4,2021-01-31
scikit-lego,57,2021-01-31
whatlies,25,2021-01-31
clumper,15,2021-02-01
human-learn,23,2021-02-01
memo,24,2021-02-01
mktestdocs,8,2021-02-01
scikit-lego,622,2021-02-01
whatlies,14,2021-02-01
clumper,105,2021-02-02
human-learn,60,2021-02-02
memo,28,2021-02-02
mktestdocs,22,2021-02-02
scikit-lego,1157,2021-02-02
whatlies,103,2021-02-02
clumper,114,2021-02-03
human-learn,42,2021-02-03
memo,32,2021-02-03
mktestdocs,10,2021-02-03
scikit-lego,96,2021-02-03
whatlies,67,2021-02-03
clumper,81,2021-02-04
human-learn,75,2021-02-04
memo,28,2021-02-04
mktestdocs,12,2021-02-04
scikit-lego,110,2021-02-04
tokenwiser,129,2021-02-04
whatlies,24,2021-02-04
clumper,67,2021-02-05
human-learn,53,2021-02-05
memo,63,2021-02-05
mktestdocs,20,2021-02-05
scikit-lego,88,2021-02-05
tokenwiser,64,2021-02-05
whatlies,109,2021-02-05
clumper,22,2021-02-06
human-learn,40,2021-02-06
memo,10,2021-02-06
mktestdocs,1,2021-02-06
scikit-lego,94,2021-02-06
tokenwiser,30,2021-02-06
whatlies,117,2021-02-06
clumper,148,2021-02-07
human-learn,38,2021-02-07
memo,16,2021-02-07
mktestdocs,21,2021-02-07
scikit-lego,199,2021-02-07
tokenwiser,9,2021-02-07
whatlies,9,2021-02-07
clumper,178,2021-02-08
human-learn,34,2021-02-08
memo,27,2021-02-08
mktestdocs,18,2021-02-08
scikit-lego,108,2021-02-08
tokenwiser,8,2021-02-08
whatlies,177,2021-02-08
clumper,81,2021-02-09
human-learn,24,2021-02-09
memo,12,2021-02-09
mktestdocs,10,2021-02-09
scikit-lego,204,2021-02-09
tokenwiser,10,2021-02-09
whatlies,39,2021-02-09
clumper,23,2021-02-10
human-learn,8,2021-02-10
memo,10,2021-02-10
mktestdocs,8,2021-02-10
scikit-lego,324,2021-02-10
tokenwiser,9,2021-02-10
whatlies,397,2021-02-10
clumper,64,2021-02-11
human-learn,39,2021-02-11
memo,9,2021-02-11
mktestdocs,6,2021-02-11
scikit-lego,94,2021-02-11
tokenwiser,8,2021-02-11
whatlies,368,2021-02-11
clumper,47,2021-02-12
human-learn,6,2021-02-12
memo,8,2021-02-12
mktestdocs,2,2021-02-12
scikit-lego,44,2021-02-12
tokenwiser,6,2021-02-12
whatlies,33,2021-02-12
clumper,167,2021-02-13
human-learn,27,2021-02-13
memo,15,2021-02-13
mktestdocs,15,2021-02-13
scikit-lego,79,2021-02-13
tokenwiser,5,2021-02-13
whatlies,103,2021-02-13
clumper,127,2021-02-14
human-learn,8,2021-02-14
memo,2,2021-02-14
mktestdocs,9,2021-02-14
scikit-lego,23,2021-02-14
tokenwiser,1,2021-02-14
whatlies,6,2021-02-14
clumper,62,2021-02-15
human-learn,37,2021-02-15
scikit-lego,118,2021-02-15
tokenwiser,2,2021-02-15
whatlies,89,2021-02-15
clumper,49,2021-02-16
human-learn,36,2021-02-16
memo,11,2021-02-16
mktestdocs,2,2021-02-16
scikit-lego,57,2021-02-16
tokenwiser,4,2021-02-16
whatlies,142,2021-02-16
clumper,96,2021-02-17
human-learn,11,2021-02-17
memo,4,2021-02-17
mktestdocs,2,2021-02-17
scikit-lego,80,2021-02-17
tokenwiser,1,2021-02-17
whatlies,210,2021-02-17
clumper,46,2021-02-18
human-learn,45,2021-02-18
memo,20,2021-02-18
mktestdocs,4,2021-02-18
scikit-lego,141,2021-02-18
tokenwiser,5,2021-02-18
whatlies,151,2021-02-18
clumper,26,2021-02-19
human-learn,71,2021-02-19
memo,19,2021-02-19
mktestdocs,4,2021-02-19
scikit-lego,100,2021-02-19
tokenwiser,4,2021-02-19
whatlies,103,2021-02-19
clumper,132,2021-02-20
human-learn,4,2021-02-20
memo,16,2021-02-20
mktestdocs,5,2021-02-20
scikit-lego,46,2021-02-20
whatlies,16,2021-02-20
clumper,83,2021-02-21
human-learn,35,2021-02-21
memo,10,2021-02-21
mktestdocs,29,2021-02-21
scikit-lego,77,2021-02-21
tokenwiser,103,2021-02-21
whatlies,47,2021-02-21
clumper,50,2021-02-22
human-learn,23,2021-02-22
memo,9,2021-02-22
mktestdocs,7,2021-02-22
scikit-lego,135,2021-02-22
tokenwiser,101,2021-02-22
whatlies,98,2021-02-22
clumper,132,2021-02-23
human-learn,17,2021-02-23
memo,19,2021-02-23
mktestdocs,4,2021-02-23
scikit-lego,55,2021-02-23
tokenwiser,28,2021-02-23
whatlies,141,2021-02-23
clumper,100,2021-02-24
human-learn,14,2021-02-24
memo,6,2021-02-24
mktestdocs,19,2021-02-24
scikit-lego,149,2021-02-24
tokenwiser,7,2021-02-24
whatlies,294,2021-02-24
clumper,50,2021-02-25
human-learn,53,2021-02-25
memo,18,2021-02-25
mktestdocs,4,2021-02-25
scikit-lego,59,2021-02-25
tokenwiser,9,2021-02-25
whatlies,157,2021-02-25
clumper,31,2021-02-26
human-learn,35,2021-02-26
memo,27,2021-02-26
mktestdocs,6,2021-02-26
scikit-lego,140,2021-02-26
tokenwiser,14,2021-02-26
whatlies,135,2021-02-26
clumper,13,2021-02-27
human-learn,1,2021-02-27
memo,8,2021-02-27
mktestdocs,2,2021-02-27
scikit-lego,122,2021-02-27
tokenwiser,11,2021-02-27
whatlies,196,2021-02-27
clumper,115,2021-02-28
human-learn,19,2021-02-28
memo,14,2021-02-28
mktestdocs,3,2021-02-28
scikit-lego,124,2021-02-28
tokenwiser,14,2021-02-28
whatlies,120,2021-02-28
clumper,131,2021-03-01
human-learn,42,2021-03-01
memo,31,2021-03-01
mktestdocs,20,2021-03-01
scikit-lego,142,2021-03-01
tokenwiser,8,2021-03-01
whatlies,100,2021-03-01
clumper,275,2021-03-02
human-learn,61,2021-03-02
memo,52,2021-03-02
mktestdocs,16,2021-03-02
scikit-lego,359,2021-03-02
whatlies,143,2021-03-02
clumper,64,2021-03-03
human-learn,42,2021-03-03
memo,25,2021-03-03
mktestdocs,7,2021-03-03
scikit-lego,347,2021-03-03
tokenwiser,18,2021-03-03
whatlies,115,2021-03-03
clumper,112,2021-03-04
human-learn,34,2021-03-04
memo,26,2021-03-04
mktestdocs,4,2021-03-04
scikit-lego,117,2021-03-04
tokenwiser,10,2021-03-04
whatlies,533,2021-03-04
clumper,34,2021-03-05
human-learn,12,2021-03-05
memo,7,2021-03-05
mktestdocs,2,2021-03-05
scikit-lego,105,2021-03-05
tokenwiser,7,2021-03-05
whatlies,55,2021-03-05
clumper,75,2021-03-06
human-learn,36,2021-03-06
memo,10,2021-03-06
mktestdocs,7,2021-03-06
scikit-lego,154,2021-03-06
tokenwiser,22,2021-03-06
whatlies,274,2021-03-06
clumper,123,2021-03-07
human-learn,50,2021-03-07
memo,13,2021-03-07
mktestdocs,105,2021-03-07
scikit-lego,32,2021-03-07
tokenwiser,16,2021-03-07
whatlies,41,2021-03-07
clumper,41,2021-03-08
human-learn,35,2021-03-08
memo,23,2021-03-08
mktestdocs,93,2021-03-08
scikit-lego,220,2021-03-08
tokenwiser,105,2021-03-08
whatlies,110,2021-03-08
clumper,94,2021-03-09
human-learn,54,2021-03-09
memo,33,2021-03-09
mktestdocs,38,2021-03-09
scikit-lego,165,2021-03-09
tokenwiser,108,2021-03-09
whatlies,129,2021-03-09
clumper,27,2021-03-10
human-learn,7,2021-03-10
memo,43,2021-03-10
mktestdocs,35,2021-03-10
scikit-lego,166,2021-03-10
tokenwiser,19,2021-03-10
whatlies,197,2021-03-10
clumper,76,2021-03-11
human-learn,7,2021-03-11
memo,12,2021-03-11
mktestdocs,18,2021-03-11
scikit-lego,335,2021-03-11
tokenwiser,28,2021-03-11
whatlies,61,2021-03-11
clumper,46,2021-03-12
human-learn,31,2021-03-12
memo,12,2021-03-12
mktestdocs,17,2021-03-12
scikit-lego,173,2021-03-12
tokenwiser,9,2021-03-12
whatlies,42,2021-03-12
clumper,39,2021-03-13
human-learn,19,2021-03-13
memo,3,2021-03-13
mktestdocs,8,2021-03-13
scikit-lego,35,2021-03-13
tokenwiser,28,2021-03-13
whatlies,196,2021-03-13
clumper,53,2021-03-14
human-learn,6,2021-03-14
memo,40,2021-03-14
mktestdocs,22,2021-03-14
scikit-lego,138,2021-03-14
tokenwiser,28,2021-03-14
whatlies,211,2021-03-14
clumper,40,2021-03-15
human-learn,30,2021-03-15
memo,5,2021-03-15
mktestdocs,12,2021-03-15
scikit-lego,179,2021-03-15
tokenwiser,19,2021-03-15
whatlies,95,2021-03-15
clumper,78,2021-03-16
human-learn,119,2021-03-16
memo,12,2021-03-16
mktestdocs,12,2021-03-16
scikit-lego,262,2021-03-16
tokenwiser,13,2021-03-16
whatlies,275,2021-03-16
clumper,73,2021-03-17
human-learn,177,2021-03-17
memo,30,2021-03-17
mktestdocs,20,2021-03-17
scikit-lego,303,2021-03-17
tokenwiser,26,2021-03-17
whatlies,134,2021-03-17
clumper,65,2021-03-18
human-learn,16,2021-03-18
memo,20,2021-03-18
mktestdocs,16,2021-03-18
scikit-lego,129,2021-03-18
tokenwiser,30,2021-03-18
whatlies,68,2021-03-18
clumper,53,2021-03-19
human-learn,30,2021-03-19
memo,5,2021-03-19
mktestdocs,9,2021-03-19
scikit-lego,227,2021-03-19
tokenwiser,16,2021-03-19
whatlies,141,2021-03-19
clumper,55,2021-03-20
human-learn,53,2021-03-20
memo,29,2021-03-20
mktestdocs,20,2021-03-20
scikit-lego,26,2021-03-20
tokenwiser,6,2021-03-20
whatlies,95,2021-03-20
clumper,19,2021-03-21
human-learn,53,2021-03-21
memo,21,2021-03-21
mktestdocs,33,2021-03-21
scikit-lego,69,2021-03-21
tokenwiser,21,2021-03-21
whatlies,127,2021-03-21
clumper,58,2021-03-22
human-learn,8,2021-03-22
memo,11,2021-03-22
mktestdocs,9,2021-03-22
scikit-lego,227,2021-03-22
tokenwiser,11,2021-03-22
whatlies,23,2021-03-22
clumper,129,2021-03-23
human-learn,33,2021-03-23
memo,6,2021-03-23
mktestdocs,8,2021-03-23
scikit-lego,180,2021-03-23
tokenwiser,18,2021-03-23
whatlies,11,2021-03-23
clumper,95,2021-03-24
human-learn,20,2021-03-24
memo,25,2021-03-24
mktestdocs,17,2021-03-24
scikit-lego,159,2021-03-24
tokenwiser,183,2021-03-24
whatlies,212,2021-03-24
clumper,92,2021-03-25
human-learn,23,2021-03-25
memo,16,2021-03-25
mktestdocs,16,2021-03-25
scikit-lego,83,2021-03-25
tokenwiser,69,2021-03-25
whatlies,54,2021-03-25
clumper,59,2021-03-26
human-learn,105,2021-03-26
memo,27,2021-03-26
mktestdocs,19,2021-03-26
scikit-lego,94,2021-03-26
tokenwiser,30,2021-03-26
whatlies,124,2021-03-26
clumper,141,2021-03-27
human-learn,75,2021-03-27
memo,42,2021-03-27
mktestdocs,19,2021-03-27
scikit-lego,91,2021-03-27
tokenwiser,32,2021-03-27
whatlies,101,2021-03-27
clumper,38,2021-03-28
human-learn,24,2021-03-28
memo,34,2021-03-28
mktestdocs,21,2021-03-28
scikit-lego,211,2021-03-28
tokenwiser,4,2021-03-28
whatlies,26,2021-03-28
clumper,16,2021-03-29
human-learn,38,2021-03-29
memo,3,2021-03-29
mktestdocs,8,2021-03-29
scikit-lego,213,2021-03-29
tokenwiser,34,2021-03-29
whatlies,102,2021-03-29
clumper,65,2021-03-30
human-learn,58,2021-03-30
memo,4,2021-03-30
mktestdocs,15,2021-03-30
scikit-lego,119,2021-03-30
tokenwiser,17,2021-03-30
whatlies,164,2021-03-30
clumper,63,2021-03-31
human-learn,26,2021-03-31
memo,19,2021-03-31
mktestdocs,26,2021-03-31
scikit-lego,88,2021-03-31
tokenwiser,116,2021-03-31
whatlies,15,2021-03-31
clumper,93,2021-04-01
human-learn,45,2021-04-01
memo,33,2021-04-01
mktestdocs,10,2021-04-01
scikit-lego,173,2021-04-01
tokenwiser,124,2021-04-01
whatlies,193,2021-04-01
clumper,58,2021-04-02
human-learn,30,2021-04-02
memo,4,2021-04-02
mktestdocs,8,2021-04-02
scikit-lego,291,2021-04-02
tokenwiser,30,2021-04-02
whatlies,22,2021-04-02
clumper,44,2021-04-03
human-learn,41,2021-04-03
memo,20,2021-04-03
mktestdocs,12,2021-04-03
scikit-lego,126,2021-04-03
tokenwiser,20,2021-04-03
whatlies,89,2021-04-03
clumper,69,2021-04-04
drawdata,91,2021-04-04
human-learn,22,2021-04-04
memo,10,2021-04-04
mktestdocs,13,2021-04-04
scikit-lego,223,2021-04-04
tokenwiser,14,2021-04-04
whatlies,4,2021-04-04
clumper,41,2021-04-05
drawdata,105,2021-04-05
human-learn,21,2021-04-05
memo,14,2021-04-05
mktestdocs,10,2021-04-05
scikit-lego,235,2021-04-05
tokenwiser,34,2021-04-05
whatlies,109,2021-04-05
clumper,50,2021-04-06
drawdata,23,2021-04-06
human-learn,29,2021-04-06
memo,7,2021-04-06
mktestdocs,7,2021-04-06
scikit-lego,183,2021-04-06
tokenwiser,36,2021-04-06
whatlies,11,2021-04-06
clumper,36,2021-04-07
drawdata,7,2021-04-07
human-learn,22,2021-04-07
memo,4,2021-04-07
mktestdocs,5,2021-04-07
scikit-lego,240,2021-04-07
tokenwiser,22,2021-04-07
whatlies,190,2021-04-07
clumper,12,2021-04-08
drawdata,7,2021-04-08
human-learn,14,2021-04-08
memo,13,2021-04-08
mktestdocs,7,2021-04-08
scikit-lego,168,2021-04-08
tokenwiser,37,2021-04-08
whatlies,164,2021-04-08
clumper,26,2021-04-09
drawdata,16,2021-04-09
human-learn,31,2021-04-09
memo,5,2021-04-09
mktestdocs,11,2021-04-09
scikit-lego,111,2021-04-09
tokenwiser,16,2021-04-09
whatlies,118,2021-04-09
clumper,93,2021-04-10
drawdata,10,2021-04-10
human-learn,16,2021-04-10
memo,18,2021-04-10
mktestdocs,11,2021-04-10
scikit-lego,43,2021-04-10
tokenwiser,9,2021-04-10
whatlies,16,2021-04-10
clumper,42,2021-04-11
drawdata,113,2021-04-11
human-learn,43,2021-04-11
memo,5,2021-04-11
mktestdocs,10,2021-04-11
scikit-lego,39,2021-04-11
tokenwiser,16,2021-04-11
whatlies,14,2021-04-11
clumper,53,2021-04-12
drawdata,96,2021-04-12
human-learn,26,2021-04-12
memo,10,2021-04-12
mktestdocs,7,2021-04-12
scikit-lego,183,2021-04-12
tokenwiser,13,2021-04-12
whatlies,44,2021-04-12
clumper,66,2021-04-13
drawdata,36,2021-04-13
human-learn,9,2021-04-13
memo,20,2021-04-13
mktestdocs,10,2021-04-13
scikit-lego,345,2021-04-13
tokenwiser,16,2021-04-13
whatlies,186,2021-04-13
clumper,85,2021-04-14
drawdata,42,2021-04-14
human-learn,31,2021-04-14
memo,10,2021-04-14
mktestdocs,4,2021-04-14
scikit-lego,196,2021-04-14
tokenwiser,28,2021-04-14
whatlies,18,2021-04-14
clumper,22,2021-04-15
drawdata,12,2021-04-15
human-learn,39,2021-04-15
memo,20,2021-04-15
mktestdocs,24,2021-04-15
scikit-lego,103,2021-04-15
tokenwiser,8,2021-04-15
whatlies,99,2021-04-15
clumper,35,2021-04-16
drawdata,17,2021-04-16
human-learn,55,2021-04-16
memo,27,2021-04-16
mktestdocs,18,2021-04-16
scikit-lego,229,2021-04-16
tokenwiser,24,2021-04-16
whatlies,119,2021-04-16
clumper,34,2021-04-17
drawdata,57,2021-04-17
human-learn,5,2021-04-17
memo,3,2021-04-17
mktestdocs,4,2021-04-17
scikit-lego,51,2021-04-17
tokenwiser,23,2021-04-17
whatlies,213,2021-04-17
clumper,63,2021-04-18
drawdata,54,2021-04-18
human-learn,3,2021-04-18
memo,4,2021-04-18
mktestdocs,4,2021-04-18
scikit-lego,117,2021-04-18
tokenwiser,37,2021-04-18
whatlies,66,2021-04-18
clumper,33,2021-04-19
drawdata,57,2021-04-19
human-learn,6,2021-04-19
memo,12,2021-04-19
mktestdocs,3,2021-04-19
scikit-lego,137,2021-04-19
tokenwiser,14,2021-04-19
whatlies,101,2021-04-19
clumper,62,2021-04-20
drawdata,28,2021-04-20
human-learn,24,2021-04-20
memo,22,2021-04-20
mktestdocs,10,2021-04-20
scikit-lego,161,2021-04-20
tokenwiser,27,2021-04-20
whatlies,23,2021-04-20
clumper,75,2021-04-21
drawdata,22,2021-04-21
human-learn,19,2021-04-21
memo,22,2021-04-21
mktestdocs,11,2021-04-21
scikit-lego,307,2021-04-21
tokenwiser,52,2021-04-21
whatlies,28,2021-04-21
clumper,43,2021-04-22
drawdata,43,2021-04-22
human-learn,43,2021-04-22
memo,13,2021-04-22
mktestdocs,9,2021-04-22
scikit-lego,70,2021-04-22
tokenwiser,21,2021-04-22
whatlies,93,2021-04-22
clumper,74,2021-04-23
drawdata,45,2021-04-23
human-learn,62,2021-04-23
memo,18,2021-04-23
mktestdocs,6,2021-04-23
scikit-lego,239,2021-04-23
tokenwiser,17,2021-04-23
whatlies,130,2021-04-23
clumper,57,2021-04-24
drawdata,34,2021-04-24
human-learn,23,2021-04-24
memo,10,2021-04-24
mktestdocs,8,2021-04-24
scikit-lego,87,2021-04-24
tokenwiser,2,2021-04-24
whatlies,26,2021-04-24
clumper,39,2021-04-25
drawdata,22,2021-04-25
human-learn,8,2021-04-25
memo,16,2021-04-25
mktestdocs,10,2021-04-25
scikit-lego,35,2021-04-25
tokenwiser,6,2021-04-25
whatlies,9,2021-04-25
clumper,53,2021-04-26
drawdata,73,2021-04-26
human-learn,20,2021-04-26
memo,13,2021-04-26
mktestdocs,10,2021-04-26
scikit-lego,171,2021-04-26
tokenwiser,39,2021-04-26
whatlies,143,2021-04-26
clumper,23,2021-04-27
drawdata,77,2021-04-27
human-learn,34,2021-04-27
memo,20,2021-04-27
mktestdocs,12,2021-04-27
scikit-lego,156,2021-04-27
tokenwiser,23,2021-04-27
whatlies,20,2021-04-27
clumper,54,2021-04-28
drawdata,44,2021-04-28
human-learn,27,2021-04-28
memo,11,2021-04-28
mktestdocs,6,2021-04-28
scikit-lego,212,2021-04-28
tokenwiser,37,2021-04-28
whatlies,95,2021-04-28
clumper,44,2021-04-29
drawdata,46,2021-04-29
human-learn,26,2021-04-29
memo,12,2021-04-29
mktestdocs,6,2021-04-29
scikit-lego,178,2021-04-29
tokenwiser,14,2021-04-29
whatlies,37,2021-04-29
clumper,63,2021-04-30
drawdata,47,2021-04-30
human-learn,13,2021-04-30
memo,11,2021-04-30
mktestdocs,8,2021-04-30
scikit-lego,218,2021-04-30
tokenwiser,18,2021-04-30
whatlies,96,2021-04-30
clumper,58,2021-05-01
drawdata,59,2021-05-01
human-learn,30,2021-05-01
memo,14,2021-05-01
mktestdocs,7,2021-05-01
scikit-lego,18,2021-05-01
tokenwiser,13,2021-05-01
whatlies,90,2021-05-01
clumper,44,2021-05-02
drawdata,27,2021-05-02
human-learn,175,2021-05-02
memo,8,2021-05-02
mktestdocs,23,2021-05-02
scikit-lego,135,2021-05-02
tokenwiser,3,2021-05-02
whatlies,16,2021-05-02
clumper,81,2021-05-03
drawdata,21,2021-05-03
human-learn,112,2021-05-03
memo,18,2021-05-03
mktestdocs,23,2021-05-03
scikit-lego,149,2021-05-03
tokenwiser,12,2021-05-03
whatlies,98,2021-05-03
clumper,49,2021-05-04
drawdata,19,2021-05-04
human-learn,193,2021-05-04
memo,27,2021-05-04
mktestdocs,49,2021-05-04
scikit-lego,185,2021-05-04
tokenwiser,6,2021-05-04
whatlies,69,2021-05-04
clumper,127,2021-05-05
drawdata,28,2021-05-05
human-learn,118,2021-05-05
memo,11,2021-05-05
mktestdocs,7,2021-05-05
scikit-lego,231,2021-05-05
tokenwiser,11,2021-05-05
whatlies,30,2021-05-05
clumper,51,2021-05-06
drawdata,22,2021-05-06
human-learn,87,2021-05-06
memo,25,2021-05-06
mktestdocs,13,2021-05-06
scikit-lego,247,2021-05-06
tokenwiser,15,2021-05-06
whatlies,193,2021-05-06
clumper,7,2021-05-07
drawdata,19,2021-05-07
human-learn,70,2021-05-07
memo,17,2021-05-07
mktestdocs,9,2021-05-07
scikit-lego,362,2021-05-07
tokenwiser,10,2021-05-07
whatlies,110,2021-05-07
clumper,66,2021-05-08
drawdata,15,2021-05-08
human-learn,23,2021-05-08
memo,20,2021-05-08
mktestdocs,12,2021-05-08
scikit-lego,221,2021-05-08
tokenwiser,12,2021-05-08
whatlies,94,2021-05-08
clumper,152,2021-05-09
drawdata,13,2021-05-09
human-learn,59,2021-05-09
memo,8,2021-05-09
mktestdocs,19,2021-05-09
scikit-lego,111,2021-05-09
tokenwiser,22,2021-05-09
whatlies,78,2021-05-09
clumper,153,2021-05-10
drawdata,9,2021-05-10
human-learn,20,2021-05-10
memo,12,2021-05-10
mktestdocs,17,2021-05-10
scikit-lego,155,2021-05-10
tokenwiser,24,2021-05-10
whatlies,199,2021-05-10
clumper,134,2021-05-11
drawdata,36,2021-05-11
human-learn,81,2021-05-11
memo,26,2021-05-11
mktestdocs,13,2021-05-11
scikit-lego,362,2021-05-11
tokenwiser,8,2021-05-11
whatlies,106,2021-05-11
clumper,69,2021-05-12
drawdata,12,2021-05-12
human-learn,30,2021-05-12
memo,13,2021-05-12
mktestdocs,11,2021-05-12
scikit-lego,225,2021-05-12
tokenwiser,37,2021-05-12
whatlies,95,2021-05-12
clumper,52,2021-05-13
drawdata,11,2021-05-13
human-learn,48,2021-05-13
memo,8,2021-05-13
mktestdocs,23,2021-05-13
scikit-lego,229,2021-05-13
tokenwiser,17,2021-05-13
whatlies,188,2021-05-13
clumper,159,2021-05-14
drawdata,15,2021-05-14
human-learn,27,2021-05-14
memo,176,2021-05-14
mktestdocs,26,2021-05-14
scikit-lego,116,2021-05-14
tokenwiser,5,2021-05-14
whatlies,90,2021-05-14
clumper,38,2021-05-15
drawdata,23,2021-05-15
human-learn,61,2021-05-15
memo,70,2021-05-15
mktestdocs,3,2021-05-15
scikit-lego,31,2021-05-15
tokenwiser,2,2021-05-15
whatlies,99,2021-05-15
clumper,43,2021-05-16
drawdata,2,2021-05-16
human-learn,51,2021-05-16
memo,34,2021-05-16
mktestdocs,8,2021-05-16
scikit-lego,157,2021-05-16
whatlies,122,2021-05-16
clumper,79,2021-05-18
drawdata,23,2021-05-18
human-learn,22,2021-05-18
memo,15,2021-05-18
mktestdocs,3,2021-05-18
scikit-lego,207,2021-05-18
tokenwiser,13,2021-05-18
whatlies,109,2021-05-18
clumper,32,2021-05-19
drawdata,12,2021-05-19
human-learn,55,2021-05-19
memo,24,2021-05-19
mktestdocs,10,2021-05-19
scikit-lego,139,2021-05-19
tokenwiser,22,2021-05-19
whatlies,84,2021-05-19
clumper,54,2021-05-20
drawdata,12,2021-05-20
human-learn,26,2021-05-20
memo,20,2021-05-20
mktestdocs,16,2021-05-20
scikit-lego,351,2021-05-20
tokenwiser,33,2021-05-20
whatlies,128,2021-05-20
clumper,77,2021-05-21
drawdata,12,2021-05-21
human-learn,15,2021-05-21
memo,21,2021-05-21
mktestdocs,8,2021-05-21
scikit-lego,135,2021-05-21
tokenwiser,34,2021-05-21
whatlies,128,2021-05-21
clumper,70,2021-05-22
drawdata,15,2021-05-22
human-learn,55,2021-05-22
memo,8,2021-05-22
mktestdocs,5,2021-05-22
scikit-lego,50,2021-05-22
tokenwiser,11,2021-05-22
whatlies,116,2021-05-22
clumper,101,2021-05-23
drawdata,10,2021-05-23
human-learn,8,2021-05-23
memo,7,2021-05-23
mktestdocs,17,2021-05-23
scikit-lego,40,2021-05-23
tokenwiser,14,2021-05-23
whatlies,40,2021-05-23
clumper,50,2021-05-24
drawdata,19,2021-05-24
human-learn,48,2021-05-24
memo,12,2021-05-24
mktestdocs,6,2021-05-24
scikit-lego,142,2021-05-24
tokenwiser,5,2021-05-24
whatlies,56,2021-05-24
clumper,30,2021-05-25
drawdata,10,2021-05-25
human-learn,84,2021-05-25
memo,46,2021-05-25
mktestdocs,12,2021-05-25
scikit-lego,121,2021-05-25
tokenwiser,16,2021-05-25
whatlies,21,2021-05-25
clumper,85,2021-05-26
drawdata,13,2021-05-26
human-learn,44,2021-05-26
memo,12,2021-05-26
mktestdocs,4,2021-05-26
scikit-lego,218,2021-05-26
tokenwiser,1,2021-05-26
whatlies,44,2021-05-26
clumper,50,2021-05-27
drawdata,8,2021-05-27
human-learn,39,2021-05-27
memo,13,2021-05-27
mktestdocs,6,2021-05-27
scikit-lego,217,2021-05-27
tokenwiser,16,2021-05-27
whatlies,18,2021-05-27
clumper,62,2021-05-28
drawdata,4,2021-05-28
human-learn,79,2021-05-28
memo,16,2021-05-28
mktestdocs,7,2021-05-28
scikit-lego,138,2021-05-28
tokenwiser,10,2021-05-28
whatlies,95,2021-05-28
clumper,40,2021-05-29
drawdata,2,2021-05-29
human-learn,14,2021-05-29
mktestdocs,1,2021-05-29
scikit-lego,12,2021-05-29
tokenwiser,1,2021-05-29
whatlies,4,2021-05-29
clumper,67,2021-05-30
drawdata,5,2021-05-30
human-learn,5,2021-05-30
memo,14,2021-05-30
mktestdocs,1,2021-05-30
scikit-lego,21,2021-05-30
tokenwiser,17,2021-05-30
whatlies,92,2021-05-30
clumper,28,2021-05-31
drawdata,4,2021-05-31
human-learn,31,2021-05-31
memo,24,2021-05-31
mktestdocs,4,2021-05-31
scikit-lego,152,2021-05-31
tokenwiser,11,2021-05-31
whatlies,4,2021-05-31
clumper,66,2021-06-01
drawdata,9,2021-06-01
human-learn,4,2021-06-01
memo,17,2021-06-01
mktestdocs,13,2021-06-01
scikit-lego,176,2021-06-01
tokenwiser,4,2021-06-01
whatlies,65,2021-06-01
clumper,89,2021-06-02
drawdata,5,2021-06-02
human-learn,58,2021-06-02
memo,316,2021-06-02
mktestdocs,28,2021-06-02
scikit-lego,108,2021-06-02
tokenwiser,10,2021-06-02
whatlies,30,2021-06-02
clumper,41,2021-06-03
drawdata,23,2021-06-03
human-learn,23,2021-06-03
memo,132,2021-06-03
mktestdocs,9,2021-06-03
scikit-lego,207,2021-06-03
tokenwiser,14,2021-06-03
whatlies,136,2021-06-03
clumper,58,2021-06-04
drawdata,6,2021-06-04
human-learn,66,2021-06-04
memo,62,2021-06-04
mktestdocs,9,2021-06-04
scikit-lego,225,2021-06-04
tokenwiser,11,2021-06-04
whatlies,99,2021-06-04
clumper,106,2021-06-05
drawdata,15,2021-06-05
human-learn,26,2021-06-05
memo,53,2021-06-05
mktestdocs,11,2021-06-05
scikit-lego,67,2021-06-05
tokenwiser,8,2021-06-05
whatlies,7,2021-06-05
clumper,49,2021-06-07
drawdata,13,2021-06-07
human-learn,19,2021-06-07
memo,50,2021-06-07
mktestdocs,4,2021-06-07
scikit-lego,352,2021-06-07
tokenwiser,20,2021-06-07
whatlies,39,2021-06-07
clumper,42,2021-06-08
drawdata,5,2021-06-08
human-learn,18,2021-06-08
memo,14,2021-06-08
mktestdocs,3,2021-06-08
scikit-lego,261,2021-06-08
tokenwiser,16,2021-06-08
whatlies,20,2021-06-08
clumper,85,2021-06-09
drawdata,18,2021-06-09
human-learn,24,2021-06-09
memo,32,2021-06-09
mktestdocs,3,2021-06-09
scikit-lego,327,2021-06-09
tokenwiser,20,2021-06-09
whatlies,101,2021-06-09
clumper,97,2021-06-10
drawdata,14,2021-06-10
human-learn,40,2021-06-10
memo,24,2021-06-10
mktestdocs,5,2021-06-10
scikit-lego,244,2021-06-10
tokenwiser,14,2021-06-10
whatlies,22,2021-06-10
clumper,25,2021-06-11
drawdata,10,2021-06-11
human-learn,55,2021-06-11
memo,47,2021-06-11
mktestdocs,5,2021-06-11
scikit-lego,148,2021-06-11
tokenwiser,32,2021-06-11
whatlies,100,2021-06-11
clumper,43,2021-06-12
drawdata,13,2021-06-12
human-learn,5,2021-06-12
memo,55,2021-06-12
mktestdocs,11,2021-06-12
scikit-lego,36,2021-06-12
tokenwiser,13,2021-06-12
whatlies,162,2021-06-12
clumper,63,2021-06-13
drawdata,7,2021-06-13
human-learn,34,2021-06-13
memo,44,2021-06-13
mktestdocs,5,2021-06-13
scikit-lego,28,2021-06-13
tokenwiser,2,2021-06-13
whatlies,13,2021-06-13
clumper,17,2021-06-14
drawdata,3,2021-06-14
human-learn,32,2021-06-14
memo,52,2021-06-14
mktestdocs,1,2021-06-14
scikit-lego,287,2021-06-14
tokenwiser,21,2021-06-14
whatlies,32,2021-06-14
clumper,107,2021-06-15
drawdata,28,2021-06-15
human-learn,63,2021-06-15
memo,116,2021-06-15
mktestdocs,21,2021-06-15
scikit-lego,333,2021-06-15
tokenwiser,38,2021-06-15
whatlies,152,2021-06-15
clumper,103,2021-06-16
drawdata,24,2021-06-16
human-learn,82,2021-06-16
memo,124,2021-06-16
mktestdocs,5,2021-06-16
scikit-lego,244,2021-06-16
tokenwiser,15,2021-06-16
whatlies,41,2021-06-16
clumper,80,2021-06-17
drawdata,7,2021-06-17
human-learn,11,2021-06-17
memo,101,2021-06-17
mktestdocs,9,2021-06-17
scikit-lego,326,2021-06-17
tokenwiser,9,2021-06-17
whatlies,152,2021-06-17
clumper,127,2021-06-18
drawdata,34,2021-06-18
human-learn,34,2021-06-18
memo,21,2021-06-18
mktestdocs,4,2021-06-18
scikit-lego,143,2021-06-18
tokenwiser,22,2021-06-18
whatlies,15,2021-06-18
clumper,103,2021-06-19
drawdata,4,2021-06-19
human-learn,44,2021-06-19
memo,34,2021-06-19
mktestdocs,4,2021-06-19
scikit-lego,55,2021-06-19
tokenwiser,6,2021-06-19
whatlies,100,2021-06-19
clumper,23,2021-06-20
drawdata,14,2021-06-20
human-learn,56,2021-06-20
memo,42,2021-06-20
mktestdocs,17,2021-06-20
pytest-duration-insights,102,2021-06-20
scikit-lego,61,2021-06-20
tokenwiser,13,2021-06-20
whatlies,91,2021-06-20
clumper,17,2021-06-21
drawdata,9,2021-06-21
human-learn,8,2021-06-21
memo,10,2021-06-21
mktestdocs,8,2021-06-21
pytest-duration-insights,41,2021-06-21
scikit-lego,283,2021-06-21
tokenwiser,1,2021-06-21
whatlies,11,2021-06-21
clumper,159,2021-06-22
drawdata,2,2021-06-22
human-learn,48,2021-06-22
memo,53,2021-06-22
mktestdocs,47,2021-06-22
pytest-duration-insights,21,2021-06-22
scikit-lego,316,2021-06-22
tokenwiser,20,2021-06-22
whatlies,108,2021-06-22
clumper,167,2021-06-23
drawdata,14,2021-06-23
human-learn,18,2021-06-23
memo,37,2021-06-23
mktestdocs,9,2021-06-23
pytest-duration-insights,11,2021-06-23
scikit-lego,301,2021-06-23
tokenwiser,12,2021-06-23
whatlies,20,2021-06-23
clumper,68,2021-06-24
drawdata,16,2021-06-24
human-learn,12,2021-06-24
memo,38,2021-06-24
mktestdocs,4,2021-06-24
pytest-duration-insights,43,2021-06-24
scikit-lego,187,2021-06-24
tokenwiser,21,2021-06-24
whatlies,126,2021-06-24
clumper,112,2021-06-25
drawdata,9,2021-06-25
human-learn,56,2021-06-25
memo,36,2021-06-25
mktestdocs,9,2021-06-25
pytest-duration-insights,195,2021-06-25
scikit-lego,179,2021-06-25
tokenwiser,1,2021-06-25
whatlies,87,2021-06-25
clumper,107,2021-06-26
drawdata,8,2021-06-26
human-learn,5,2021-06-26
memo,31,2021-06-26
mktestdocs,10,2021-06-26
pytest-duration-insights,91,2021-06-26
scikit-lego,41,2021-06-26
tokenwiser,8,2021-06-26
whatlies,12,2021-06-26
clumper,37,2021-06-27
drawdata,7,2021-06-27
human-learn,31,2021-06-27
memo,14,2021-06-27
mktestdocs,6,2021-06-27
pytest-duration-insights,30,2021-06-27
scikit-lego,109,2021-06-27
tokenwiser,12,2021-06-27
whatlies,3,2021-06-27
clumper,224,2021-06-28
drawdata,4,2021-06-28
human-learn,16,2021-06-28
memo,17,2021-06-28
mktestdocs,2,2021-06-28
pytest-duration-insights,24,2021-06-28
scikit-lego,281,2021-06-28
whatlies,90,2021-06-28
clumper,22,2021-06-29
drawdata,14,2021-06-29
human-learn,12,2021-06-29
memo,47,2021-06-29
mktestdocs,1,2021-06-29
pytest-duration-insights,41,2021-06-29
scikit-lego,180,2021-06-29
tokenwiser,10,2021-06-29
whatlies,100,2021-06-29
clumper,91,2021-06-30
drawdata,10,2021-06-30
human-learn,38,2021-06-30
memo,53,2021-06-30
mktestdocs,6,2021-06-30
pytest-duration-insights,15,2021-06-30
scikit-lego,77,2021-06-30
tokenwiser,24,2021-06-30
whatlies,102,2021-06-30
clumper,51,2021-07-01
drawdata,17,2021-07-01
human-learn,39,2021-07-01
memo,18,2021-07-01
mktestdocs,5,2021-07-01
pytest-duration-insights,13,2021-07-01
scikit-lego,343,2021-07-01
tokenwiser,11,2021-07-01
whatlies,113,2021-07-01
clumper,43,2021-07-02
drawdata,5,2021-07-02
human-learn,28,2021-07-02
memo,28,2021-07-02
mktestdocs,2,2021-07-02
pytest-duration-insights,36,2021-07-02
scikit-lego,191,2021-07-02
tokenwiser,21,2021-07-02
whatlies,361,2021-07-02
clumper,194,2021-07-03
drawdata,6,2021-07-03
human-learn,10,2021-07-03
memo,2,2021-07-03
mktestdocs,4,2021-07-03
pytest-duration-insights,17,2021-07-03
scikit-lego,183,2021-07-03
tokenwiser,12,2021-07-03
whatlies,5,2021-07-03
clumper,5,2021-07-04
drawdata,10,2021-07-04
human-learn,8,2021-07-04
memo,5,2021-07-04
mktestdocs,3,2021-07-04
pytest-duration-insights,38,2021-07-04
scikit-lego,123,2021-07-04
whatlies,55,2021-07-04
clumper,46,2021-07-05
drawdata,8,2021-07-05
human-learn,79,2021-07-05
memo,48,2021-07-05
mktestdocs,6,2021-07-05
pytest-duration-insights,14,2021-07-05
scikit-lego,112,2021-07-05
whatlies,11,2021-07-05
clumper,102,2021-07-06
drawdata,1,2021-07-06
human-learn,101,2021-07-06
memo,56,2021-07-06
mktestdocs,16,2021-07-06
pytest-duration-insights,45,2021-07-06
scikit-lego,563,2021-07-06
tokenwiser,10,2021-07-06
whatlies,12,2021-07-06
clumper,86,2021-07-07
drawdata,13,2021-07-07
human-learn,19,2021-07-07
memo,34,2021-07-07
mktestdocs,4,2021-07-07
pytest-duration-insights,42,2021-07-07
scikit-lego,607,2021-07-07
tokenwiser,23,2021-07-07
whatlies,193,2021-07-07
clumper,27,2021-07-08
drawdata,15,2021-07-08
human-learn,76,2021-07-08
memo,56,2021-07-08
mktestdocs,12,2021-07-08
pytest-duration-insights,39,2021-07-08
scikit-lego,622,2021-07-08
tokenwiser,30,2021-07-08
whatlies,204,2021-07-08
clumper,148,2021-07-09
drawdata,18,2021-07-09
human-learn,18,2021-07-09
memo,35,2021-07-09
mktestdocs,12,2021-07-09
pytest-duration-insights,52,2021-07-09
scikit-lego,479,2021-07-09
tokenwiser,14,2021-07-09
whatlies,116,2021-07-09
clumper,68,2021-07-10
drawdata,11,2021-07-10
human-learn,53,2021-07-10
memo,20,2021-07-10
mktestdocs,8,2021-07-10
pytest-duration-insights,36,2021-07-10
scikit-lego,457,2021-07-10
tokenwiser,23,2021-07-10
whatlies,32,2021-07-10
clumper,62,2021-07-11
drawdata,4,2021-07-11
human-learn,31,2021-07-11
memo,72,2021-07-11
mktestdocs,12,2021-07-11
pytest-duration-insights,12,2021-07-11
scikit-lego,478,2021-07-11
tokenwiser,20,2021-07-11
whatlies,162,2021-07-11
clumper,105,2021-07-12
drawdata,10,2021-07-12
human-learn,10,2021-07-12
memo,54,2021-07-12
mktestdocs,34,2021-07-12
pytest-duration-insights,30,2021-07-12
scikit-lego,650,2021-07-12
tokenwiser,20,2021-07-12
whatlies,104,2021-07-12
clumper,81,2021-07-13
drawdata,21,2021-07-13
human-learn,10,2021-07-13
memo,29,2021-07-13
mktestdocs,2,2021-07-13
pytest-duration-insights,13,2021-07-13
scikit-lego,608,2021-07-13
whatlies,21,2021-07-13
clumper,33,2021-07-14
drawdata,2,2021-07-14
human-learn,41,2021-07-14
memo,24,2021-07-14
mktestdocs,1,2021-07-14
pytest-duration-insights,14,2021-07-14
scikit-lego,538,2021-07-14
tokenwiser,19,2021-07-14
whatlies,206,2021-07-14
clumper,84,2021-07-15
drawdata,13,2021-07-15
human-learn,32,2021-07-15
memo,50,2021-07-15
scikit-lego,637,2021-07-15
whatlies,67,2021-07-15
clumper,85,2021-07-16
drawdata,36,2021-07-16
human-learn,53,2021-07-16
memo,36,2021-07-16
mktestdocs,4,2021-07-16
pytest-duration-insights,36,2021-07-16
scikit-lego,479,2021-07-16
tokenwiser,36,2021-07-16
whatlies,113,2021-07-16
clumper,113,2021-07-17
drawdata,25,2021-07-17
human-learn,35,2021-07-17
memo,13,2021-07-17
mktestdocs,4,2021-07-17
pytest-duration-insights,6,2021-07-17
scikit-lego,513,2021-07-17
tokenwiser,20,2021-07-17
whatlies,212,2021-07-17
clumper,205,2021-07-18
drawdata,19,2021-07-18
human-learn,40,2021-07-18
memo,30,2021-07-18
mktestdocs,20,2021-07-18
pytest-duration-insights,12,2021-07-18
scikit-lego,507,2021-07-18
tokenwiser,10,2021-07-18
whatlies,113,2021-07-18
clumper,220,2021-07-19
drawdata,12,2021-07-19
human-learn,23,2021-07-19
memo,12,2021-07-19
mktestdocs,36,2021-07-19
pytest-duration-insights,35,2021-07-19
scikit-lego,601,2021-07-19
tokenwiser,16,2021-07-19
whatlies,29,2021-07-19
clumper,159,2021-07-20
drawdata,35,2021-07-20
human-learn,57,2021-07-20
memo,58,2021-07-20
mktestdocs,12,2021-07-20
pytest-duration-insights,14,2021-07-20
scikit-lego,581,2021-07-20
tokenwiser,9,2021-07-20
whatlies,13,2021-07-20
clumper,164,2021-07-21
drawdata,12,2021-07-21
human-learn,34,2021-07-21
memo,18,2021-07-21
mktestdocs,5,2021-07-21
pytest-duration-insights,12,2021-07-21
scikit-lego,622,2021-07-21
tokenwiser,22,2021-07-21
whatlies,75,2021-07-21
clumper,114,2021-07-22
drawdata,15,2021-07-22
human-learn,55,2021-07-22
memo,32,2021-07-22
mktestdocs,12,2021-07-22
pytest-duration-insights,14,2021-07-22
scikit-lego,606,2021-07-22
tokenwiser,11,2021-07-22
whatlies,203,2021-07-22
clumper,115,2021-07-23
drawdata,11,2021-07-23
human-learn,69,2021-07-23
memo,25,2021-07-23
mktestdocs,6,2021-07-23
pytest-duration-insights,24,2021-07-23
scikit-lego,526,2021-07-23
tokenwiser,10,2021-07-23
whatlies,24,2021-07-23
clumper,51,2021-07-24
drawdata,9,2021-07-24
human-learn,29,2021-07-24
memo,30,2021-07-24
mktestdocs,5,2021-07-24
pytest-duration-insights,37,2021-07-24
scikit-lego,391,2021-07-24
whatlies,93,2021-07-24
clumper,87,2021-07-25
drawdata,8,2021-07-25
human-learn,60,2021-07-25
memo,22,2021-07-25
mktestdocs,12,2021-07-25
pytest-duration-insights,1,2021-07-25
scikit-lego,515,2021-07-25
tokenwiser,8,2021-07-25
whatlies,113,2021-07-25
clumper,134,2021-07-26
drawdata,19,2021-07-26
human-learn,58,2021-07-26
memo,50,2021-07-26
mktestdocs,13,2021-07-26
pytest-duration-insights,37,2021-07-26
scikit-lego,584,2021-07-26
tokenwiser,10,2021-07-26
whatlies,18,2021-07-26
clumper,117,2021-07-27
drawdata,15,2021-07-27
human-learn,17,2021-07-27
memo,28,2021-07-27
mktestdocs,44,2021-07-27
pytest-duration-insights,49,2021-07-27
scikit-lego,1004,2021-07-27
tokenwiser,20,2021-07-27
whatlies,29,2021-07-27
clumper,149,2021-07-28
drawdata,21,2021-07-28
human-learn,68,2021-07-28
memo,19,2021-07-28
mktestdocs,9,2021-07-28
pytest-duration-insights,19,2021-07-28
scikit-lego,659,2021-07-28
tokenwiser,16,2021-07-28
whatlies,199,2021-07-28
clumper,73,2021-07-29
drawdata,26,2021-07-29
human-learn,49,2021-07-29
memo,27,2021-07-29
mktestdocs,22,2021-07-29
pytest-duration-insights,41,2021-07-29
scikit-lego,669,2021-07-29
tokenwiser,133,2021-07-29
whatlies,20,2021-07-29
clumper,78,2021-07-30
drawdata,12,2021-07-30
human-learn,39,2021-07-30
memo,59,2021-07-30
mktestdocs,14,2021-07-30
pytest-duration-insights,24,2021-07-30
scikit-lego,603,2021-07-30
tokenwiser,69,2021-07-30
whatlies,21,2021-07-30
clumper,58,2021-07-31
drawdata,19,2021-07-31
human-learn,34,2021-07-31
memo,14,2021-07-31
mktestdocs,17,2021-07-31
pytest-duration-insights,22,2021-07-31
scikit-lego,462,2021-07-31
tokenwiser,59,2021-07-31
whatlies,193,2021-07-31
clumper,23,2021-08-01
drawdata,4,2021-08-01
human-learn,55,2021-08-01
memo,27,2021-08-01
mktestdocs,5,2021-08-01
pytest-duration-insights,13,2021-08-01
scikit-lego,478,2021-08-01
tokenwiser,7,2021-08-01
whatlies,8,2021-08-01
clumper,77,2021-08-02
drawdata,1,2021-08-02
human-learn,54,2021-08-02
memo,41,2021-08-02
mktestdocs,2,2021-08-02
pytest-duration-insights,23,2021-08-02
scikit-lego,600,2021-08-02
tokenwiser,34,2021-08-02
whatlies,33,2021-08-02
clumper,70,2021-08-03
drawdata,18,2021-08-03
human-learn,70,2021-08-03
memo,75,2021-08-03
mktestdocs,9,2021-08-03
pytest-duration-insights,34,2021-08-03
scikit-lego,623,2021-08-03
tokenwiser,16,2021-08-03
whatlies,65,2021-08-03
clumper,102,2021-08-04
drawdata,18,2021-08-04
human-learn,45,2021-08-04
memo,17,2021-08-04
mktestdocs,13,2021-08-04
pytest-duration-insights,38,2021-08-04
scikit-lego,751,2021-08-04
tokenwiser,43,2021-08-04
whatlies,349,2021-08-04
clumper,84,2021-08-05
drawdata,7,2021-08-05
human-learn,34,2021-08-05
memo,61,2021-08-05
mktestdocs,122,2021-08-05
pytest-duration-insights,37,2021-08-05
scikit-lego,622,2021-08-05
tokenwiser,19,2021-08-05
whatlies,184,2021-08-05
clumper,97,2021-08-06
drawdata,24,2021-08-06
human-learn,44,2021-08-06
memo,17,2021-08-06
mktestdocs,92,2021-08-06
pytest-duration-insights,15,2021-08-06
scikit-lego,679,2021-08-06
tokenwiser,9,2021-08-06
whatlies,14,2021-08-06
clumper,121,2021-08-07
drawdata,8,2021-08-07
human-learn,60,2021-08-07
memo,58,2021-08-07
mktestdocs,49,2021-08-07
pytest-duration-insights,12,2021-08-07
scikit-lego,566,2021-08-07
tokenwiser,40,2021-08-07
whatlies,102,2021-08-07
clumper,45,2021-08-08
drawdata,1,2021-08-08
human-learn,12,2021-08-08
memo,14,2021-08-08
mktestdocs,14,2021-08-08
pytest-duration-insights,22,2021-08-08
scikit-lego,480,2021-08-08
tokenwiser,22,2021-08-08
whatlies,101,2021-08-08
clumper,72,2021-08-09
drawdata,15,2021-08-09
human-learn,14,2021-08-09
memo,16,2021-08-09
mktestdocs,22,2021-08-09
scikit-lego,568,2021-08-09
tokenwiser,3,2021-08-09
whatlies,20,2021-08-09
clumper,133,2021-08-10
drawdata,13,2021-08-10
human-learn,70,2021-08-10
memo,33,2021-08-10
mktestdocs,18,2021-08-10
pytest-duration-insights,60,2021-08-10
scikit-lego,673,2021-08-10
tokenwiser,32,2021-08-10
whatlies,100,2021-08-10
clumper,47,2021-08-11
drawdata,15,2021-08-11
human-learn,40,2021-08-11
memo,24,2021-08-11
mktestdocs,28,2021-08-11
pytest-duration-insights,4,2021-08-11
scikit-lego,766,2021-08-11
tokenwiser,4,2021-08-11
whatlies,83,2021-08-11
clumper,33,2021-08-12
drawdata,32,2021-08-12
human-learn,59,2021-08-12
memo,30,2021-08-12
mktestdocs,18,2021-08-12
pytest-duration-insights,18,2021-08-12
scikit-lego,620,2021-08-12
tokenwiser,10,2021-08-12
whatlies,100,2021-08-12
clumper,42,2021-08-13
human-learn,11,2021-08-13
memo,43,2021-08-13
mktestdocs,24,2021-08-13
pytest-duration-insights,46,2021-08-13
scikit-lego,651,2021-08-13
tokenwiser,13,2021-08-13
whatlies,14,2021-08-13
clumper,104,2021-08-14
drawdata,4,2021-08-14
mktestdocs,1,2021-08-14
pytest-duration-insights,15,2021-08-14
scikit-lego,526,2021-08-14
tokenwiser,26,2021-08-14
whatlies,91,2021-08-14
clumper,82,2021-08-15
drawdata,10,2021-08-15
human-learn,24,2021-08-15
memo,2,2021-08-15
mktestdocs,6,2021-08-15
scikit-lego,542,2021-08-15
tokenwiser,2,2021-08-15
whatlies,5,2021-08-15
clumper,32,2021-08-16
drawdata,4,2021-08-16
human-learn,40,2021-08-16
memo,13,2021-08-16
mktestdocs,8,2021-08-16
pytest-duration-insights,2,2021-08-16
scikit-lego,646,2021-08-16
tokenwiser,25,2021-08-16
whatlies,101,2021-08-16
clumper,32,2021-08-17
drawdata,3,2021-08-17
human-learn,2,2021-08-17
memo,48,2021-08-17
mktestdocs,16,2021-08-17
pytest-duration-insights,7,2021-08-17
scikit-lego,642,2021-08-17
tokenwiser,8,2021-08-17
whatlies,12,2021-08-17
clumper,34,2021-08-18
drawdata,5,2021-08-18
human-learn,2,2021-08-18
memo,71,2021-08-18
pytest-duration-insights,12,2021-08-18
scikit-lego,581,2021-08-18
tokenwiser,2,2021-08-18
whatlies,10,2021-08-18
clumper,204,2021-08-19
drawdata,6,2021-08-19
human-learn,8,2021-08-19
memo,14,2021-08-19
pytest-duration-insights,23,2021-08-19
scikit-lego,615,2021-08-19
whatlies,6,2021-08-19
clumper,87,2021-08-20
drawdata,17,2021-08-20
human-learn,70,2021-08-20
memo,7,2021-08-20
mktestdocs,4,2021-08-20
pytest-duration-insights,4,2021-08-20
scikit-lego,800,2021-08-20
tokenwiser,12,2021-08-20
whatlies,14,2021-08-20
clumper,39,2021-08-21
drawdata,5,2021-08-21
human-learn,24,2021-08-21
memo,48,2021-08-21
mktestdocs,8,2021-08-21
pytest-duration-insights,16,2021-08-21
scikit-lego,539,2021-08-21
tokenwiser,14,2021-08-21
whatlies,4,2021-08-21
clumper,13,2021-08-22
drawdata,9,2021-08-22
human-learn,1,2021-08-22
memo,32,2021-08-22
mktestdocs,7,2021-08-22
pytest-duration-insights,17,2021-08-22
scikit-lego,582,2021-08-22
tokenwiser,13,2021-08-22
whatlies,101,2021-08-22
clumper,113,2021-08-23
drawdata,12,2021-08-23
human-learn,54,2021-08-23
memo,36,2021-08-23
mktestdocs,11,2021-08-23
pytest-duration-insights,2,2021-08-23
scikit-lego,779,2021-08-23
tokenwiser,25,2021-08-23
whatlies,176,2021-08-23
clumper,18,2021-08-24
drawdata,9,2021-08-24
human-learn,86,2021-08-24
memo,56,2021-08-24
mktestdocs,37,2021-08-24
pytest-duration-insights,18,2021-08-24
scikit-lego,707,2021-08-24
whatlies,60,2021-08-24
clumper,5,2021-08-25
drawdata,2,2021-08-25
human-learn,4,2021-08-25
memo,29,2021-08-25
mktestdocs,14,2021-08-25
pytest-duration-insights,15,2021-08-25
scikit-lego,731,2021-08-25
tokenwiser,13,2021-08-25
whatlies,90,2021-08-25
clumper,102,2021-08-26
drawdata,7,2021-08-26
human-learn,6,2021-08-26
memo,34,2021-08-26
mktestdocs,5,2021-08-26
pytest-duration-insights,25,2021-08-26
scikit-lego,705,2021-08-26
tokenwiser,15,2021-08-26
whatlies,16,2021-08-26
clumper,114,2021-08-27
drawdata,4,2021-08-27
human-learn,17,2021-08-27
memo,21,2021-08-27
mktestdocs,6,2021-08-27
pytest-duration-insights,2,2021-08-27
scikit-lego,696,2021-08-27
whatlies,6,2021-08-27
clumper,41,2021-08-28
drawdata,9,2021-08-28
human-learn,27,2021-08-28
memo,17,2021-08-28
pytest-duration-insights,10,2021-08-28
scikit-lego,567,2021-08-28
tokenwiser,8,2021-08-28
whatlies,12,2021-08-28
clumper,161,2021-08-29
drawdata,4,2021-08-29
human-learn,28,2021-08-29
memo,18,2021-08-29
mktestdocs,6,2021-08-29
pytest-duration-insights,4,2021-08-29
scikit-lego,576,2021-08-29
whatlies,3,2021-08-29
clumper,96,2021-08-30
drawdata,10,2021-08-30
human-learn,16,2021-08-30
memo,50,2021-08-30
mktestdocs,1,2021-08-30
pytest-duration-insights,28,2021-08-30
scikit-lego,794,2021-08-30
tokenwiser,2,2021-08-30
whatlies,3,2021-08-30
clumper,161,2021-08-31
drawdata,5,2021-08-31
human-learn,144,2021-08-31
memo,73,2021-08-31
mktestdocs,18,2021-08-31
pytest-duration-insights,13,2021-08-31
scikit-lego,947,2021-08-31
tokenwiser,5,2021-08-31
whatlies,92,2021-08-31
clumper,191,2021-09-01
drawdata,21,2021-09-01
human-learn,104,2021-09-01
memo,69,2021-09-01
mktestdocs,39,2021-09-01
pytest-duration-insights,1,2021-09-01
scikit-lego,770,2021-09-01
tokenwiser,133,2021-09-01
whatlies,39,2021-09-01
clumper,74,2021-09-02
drawdata,11,2021-09-02
human-learn,74,2021-09-02
memo,35,2021-09-02
mktestdocs,23,2021-09-02
pytest-duration-insights,5,2021-09-02
scikit-lego,722,2021-09-02
tokenwiser,79,2021-09-02
whatlies,6,2021-09-02
clumper,122,2021-09-03
drawdata,25,2021-09-03
human-learn,17,2021-09-03
memo,45,2021-09-03
mktestdocs,22,2021-09-03
pytest-duration-insights,39,2021-09-03
scikit-lego,703,2021-09-03
tokenwiser,39,2021-09-03
whatlies,32,2021-09-03
clumper,79,2021-09-04
drawdata,6,2021-09-04
human-learn,16,2021-09-04
memo,8,2021-09-04
mktestdocs,3,2021-09-04
pytest-duration-insights,22,2021-09-04
scikit-lego,690,2021-09-04
tokenwiser,22,2021-09-04
whatlies,82,2021-09-04
clumper,11,2021-09-05
drawdata,12,2021-09-05
human-learn,28,2021-09-05
memo,42,2021-09-05
mktestdocs,5,2021-09-05
pytest-duration-insights,27,2021-09-05
scikit-lego,624,2021-09-05
tokenwiser,28,2021-09-05
whatlies,35,2021-09-05
clumper,63,2021-09-06
drawdata,11,2021-09-06
human-learn,9,2021-09-06
memo,17,2021-09-06
mktestdocs,8,2021-09-06
scikit-lego,767,2021-09-06
tokenwiser,5,2021-09-06
whatlies,307,2021-09-06
clumper,66,2021-09-07
drawdata,21,2021-09-07
human-learn,14,2021-09-07
memo,18,2021-09-07
mktestdocs,13,2021-09-07
pytest-duration-insights,1,2021-09-07
scikit-lego,685,2021-09-07
tokenwiser,7,2021-09-07
whatlies,74,2021-09-07
clumper,106,2021-09-08
drawdata,18,2021-09-08
human-learn,16,2021-09-08
memo,28,2021-09-08
mktestdocs,53,2021-09-08
pytest-duration-insights,6,2021-09-08
scikit-lego,735,2021-09-08
tokenwiser,35,2021-09-08
whatlies,45,2021-09-08
clumper,122,2021-09-09
drawdata,12,2021-09-09
human-learn,35,2021-09-09
memo,19,2021-09-09
mktestdocs,39,2021-09-09
pytest-duration-insights,12,2021-09-09
scikit-lego,803,2021-09-09
tokenwiser,38,2021-09-09
whatlies,64,2021-09-09
clumper,80,2021-09-10
drawdata,11,2021-09-10
human-learn,5,2021-09-10
memo,27,2021-09-10
mktestdocs,8,2021-09-10
scikit-lego,699,2021-09-10
tokenwiser,17,2021-09-10
whatlies,121,2021-09-10
clumper,96,2021-09-11
drawdata,11,2021-09-11
human-learn,4,2021-09-11
memo,29,2021-09-11
mktestdocs,10,2021-09-11
pytest-duration-insights,24,2021-09-11
scikit-lego,665,2021-09-11
tokenwiser,28,2021-09-11
whatlies,16,2021-09-11
clumper,40,2021-09-12
drawdata,18,2021-09-12
human-learn,45,2021-09-12
memo,46,2021-09-12
mktestdocs,8,2021-09-12
pytest-duration-insights,12,2021-09-12
scikit-lego,651,2021-09-12
tokenwiser,16,2021-09-12
whatlies,100,2021-09-12
clumper,91,2021-09-13
drawdata,2,2021-09-13
human-learn,16,2021-09-13
memo,34,2021-09-13
mktestdocs,13,2021-09-13
pytest-duration-insights,1,2021-09-13
scikit-lego,799,2021-09-13
tokenwiser,9,2021-09-13
whatlies,123,2021-09-13
clumper,181,2021-09-14
drawdata,11,2021-09-14
human-learn,9,2021-09-14
memo,29,2021-09-14
mktestdocs,13,2021-09-14
pytest-duration-insights,6,2021-09-14
scikit-lego,835,2021-09-14
tokenwiser,30,2021-09-14
whatlies,291,2021-09-14
clumper,146,2021-09-15
drawdata,32,2021-09-15
human-learn,66,2021-09-15
memo,35,2021-09-15
mktestdocs,4,2021-09-15
pytest-duration-insights,25,2021-09-15
scikit-lego,781,2021-09-15
tokenwiser,5,2021-09-15
whatlies,17,2021-09-15
clumper,125,2021-09-16
drawdata,29,2021-09-16
human-learn,54,2021-09-16
memo,40,2021-09-16
mktestdocs,9,2021-09-16
pytest-duration-insights,8,2021-09-16
scikit-lego,943,2021-09-16
tokenwiser,14,2021-09-16
whatlies,41,2021-09-16
clumper,151,2021-09-17
drawdata,4,2021-09-17
human-learn,17,2021-09-17
memo,38,2021-09-17
mktestdocs,18,2021-09-17
pytest-duration-insights,25,2021-09-17
scikit-lego,692,2021-09-17
tokenwiser,41,2021-09-17
whatlies,100,2021-09-17
clumper,104,2021-09-18
drawdata,18,2021-09-18
human-learn,2,2021-09-18
memo,5,2021-09-18
mktestdocs,1,2021-09-18
pytest-duration-insights,12,2021-09-18
scikit-lego,649,2021-09-18
whatlies,96,2021-09-18
clumper,11,2021-09-19
drawdata,13,2021-09-19
human-learn,24,2021-09-19
memo,52,2021-09-19
scikit-lego,612,2021-09-19
tokenwiser,18,2021-09-19
whatlies,267,2021-09-19
clumper,84,2021-09-20
drawdata,9,2021-09-20
human-learn,147,2021-09-20
memo,44,2021-09-20
mktestdocs,21,2021-09-20
pytest-duration-insights,1,2021-09-20
scikit-lego,845,2021-09-20
whatlies,18,2021-09-20
clumper,68,2021-09-21
drawdata,8,2021-09-21
human-learn,24,2021-09-21
memo,62,2021-09-21
mktestdocs,22,2021-09-21
pytest-duration-insights,12,2021-09-21
scikit-lego,813,2021-09-21
tokenwiser,4,2021-09-21
whatlies,14,2021-09-21
clumper,52,2021-09-22
drawdata,16,2021-09-22
human-learn,29,2021-09-22
memo,28,2021-09-22
mktestdocs,6,2021-09-22
pytest-duration-insights,36,2021-09-22
scikit-lego,818,2021-09-22
tokenwiser,6,2021-09-22
whatlies,13,2021-09-22
clumper,80,2021-09-23
drawdata,14,2021-09-23
human-learn,57,2021-09-23
memo,43,2021-09-23
mktestdocs,13,2021-09-23
scikit-lego,678,2021-09-23
tokenwiser,43,2021-09-23
whatlies,119,2021-09-23
clumper,69,2021-09-24
drawdata,8,2021-09-24
human-learn,5,2021-09-24
memo,12,2021-09-24
mktestdocs,3,2021-09-24
pytest-duration-insights,48,2021-09-24
scikit-lego,915,2021-09-24
tokenwiser,16,2021-09-24
whatlies,20,2021-09-24
clumper,72,2021-09-25
drawdata,6,2021-09-25
human-learn,35,2021-09-25
memo,36,2021-09-25
mktestdocs,26,2021-09-25
scikit-lego,763,2021-09-25
tokenwiser,28,2021-09-25
whatlies,176,2021-09-25
clumper,37,2021-09-26
drawdata,5,2021-09-26
human-learn,24,2021-09-26
memo,3,2021-09-26
mktestdocs,1,2021-09-26
pytest-duration-insights,14,2021-09-26
scikit-lego,628,2021-09-26
tokenwiser,4,2021-09-26
whatlies,4,2021-09-26
clumper,89,2021-09-27
drawdata,18,2021-09-27
human-learn,10,2021-09-27
memo,61,2021-09-27
mktestdocs,22,2021-09-27
pytest-duration-insights,4,2021-09-27
scikit-lego,743,2021-09-27
tokenwiser,50,2021-09-27
whatlies,198,2021-09-27
clumper,161,2021-09-28
drawdata,9,2021-09-28
human-learn,47,2021-09-28
memo,8,2021-09-28
mktestdocs,18,2021-09-28
scikit-lego,714,2021-09-28
whatlies,18,2021-09-28
clumper,46,2021-09-29
drawdata,13,2021-09-29
human-learn,27,2021-09-29
memo,57,2021-09-29
mktestdocs,21,2021-09-29
pytest-duration-insights,12,2021-09-29
scikit-lego,1260,2021-09-29
tokenwiser,14,2021-09-29
whatlies,86,2021-09-29
clumper,56,2021-09-30
drawdata,11,2021-09-30
human-learn,47,2021-09-30
memo,40,2021-09-30
mktestdocs,1,2021-09-30
pytest-duration-insights,12,2021-09-30
scikit-lego,795,2021-09-30
tokenwiser,19,2021-09-30
whatlies,39,2021-09-30
clumper,95,2021-10-01
drawdata,10,2021-10-01
human-learn,15,2021-10-01
memo,21,2021-10-01
mktestdocs,18,2021-10-01
pytest-duration-insights,25,2021-10-01
scikit-lego,955,2021-10-01
tokenwiser,43,2021-10-01
whatlies,215,2021-10-01
clumper,24,2021-10-02
drawdata,2,2021-10-02
human-learn,46,2021-10-02
memo,8,2021-10-02
mktestdocs,6,2021-10-02
pytest-duration-insights,30,2021-10-02
scikit-lego,709,2021-10-02
tokenwiser,15,2021-10-02
whatlies,96,2021-10-02
clumper,19,2021-10-03
drawdata,14,2021-10-03
human-learn,1,2021-10-03
memo,4,2021-10-03
mktestdocs,9,2021-10-03
scikit-lego,772,2021-10-03
tokenwiser,6,2021-10-03
whatlies,15,2021-10-03
clumper,110,2021-10-04
drawdata,15,2021-10-04
human-learn,65,2021-10-04
memo,35,2021-10-04
mktestdocs,23,2021-10-04
scikit-lego,846,2021-10-04
tokenwiser,1,2021-10-04
whatlies,94,2021-10-04
clumper,83,2021-10-05
drawdata,12,2021-10-05
human-learn,5,2021-10-05
memo,112,2021-10-05
mktestdocs,62,2021-10-05
pytest-duration-insights,24,2021-10-05
scikit-lego,1500,2021-10-05
tokenwiser,28,2021-10-05
whatlies,33,2021-10-05
clumper,96,2021-10-06
drawdata,3,2021-10-06
human-learn,35,2021-10-06
memo,17,2021-10-06
mktestdocs,9,2021-10-06
pytest-duration-insights,14,2021-10-06
scikit-lego,1345,2021-10-06
tokenwiser,12,2021-10-06
whatlies,115,2021-10-06
clumper,27,2021-10-07
drawdata,11,2021-10-07
human-learn,5,2021-10-07
memo,80,2021-10-07
mktestdocs,25,2021-10-07
pytest-duration-insights,2,2021-10-07
scikit-lego,1898,2021-10-07
whatlies,28,2021-10-07
clumper,37,2021-10-08
drawdata,6,2021-10-08
human-learn,2,2021-10-08
memo,11,2021-10-08
mktestdocs,16,2021-10-08
pytest-duration-insights,25,2021-10-08
scikit-lego,1234,2021-10-08
tokenwiser,3,2021-10-08
whatlies,22,2021-10-08
clumper,4,2021-10-09
human-learn,10,2021-10-09
memo,9,2021-10-09
mktestdocs,12,2021-10-09
pytest-duration-insights,32,2021-10-09
scikit-lego,699,2021-10-09
whatlies,7,2021-10-09
clumper,17,2021-10-10
human-learn,3,2021-10-10
memo,25,2021-10-10
mktestdocs,2,2021-10-10
pytest-duration-insights,12,2021-10-10
scikit-lego,654,2021-10-10
tokenwiser,36,2021-10-10
whatlies,190,2021-10-10
clumper,221,2021-10-11
drawdata,9,2021-10-11
human-learn,24,2021-10-11
memo,34,2021-10-11
mktestdocs,26,2021-10-11
pytest-duration-insights,58,2021-10-11
scikit-lego,932,2021-10-11
tokenwiser,29,2021-10-11
whatlies,126,2021-10-11
clumper,88,2021-10-12
drawdata,4,2021-10-12
human-learn,2,2021-10-12
memo,22,2021-10-12
pytest-duration-insights,13,2021-10-12
scikit-lego,857,2021-10-12
tokenwiser,17,2021-10-12
whatlies,104,2021-10-12
clumper,68,2021-10-13
drawdata,8,2021-10-13
human-learn,7,2021-10-13
memo,25,2021-10-13
mktestdocs,6,2021-10-13
pytest-duration-insights,6,2021-10-13
scikit-lego,853,2021-10-13
tokenwiser,12,2021-10-13
whatlies,46,2021-10-13
clumper,51,2021-10-14
drawdata,2,2021-10-14
human-learn,5,2021-10-14
memo,46,2021-10-14
mktestdocs,9,2021-10-14
pytest-duration-insights,1,2021-10-14
scikit-lego,982,2021-10-14
tokenwiser,15,2021-10-14
whatlies,23,2021-10-14
clumper,128,2021-10-15
drawdata,7,2021-10-15
human-learn,25,2021-10-15
memo,37,2021-10-15
mktestdocs,18,2021-10-15
pytest-duration-insights,3,2021-10-15
scikit-lego,901,2021-10-15
tokenwiser,3,2021-10-15
whatlies,108,2021-10-15
clumper,53,2021-10-16
drawdata,21,2021-10-16
human-learn,48,2021-10-16
memo,8,2021-10-16
mktestdocs,21,2021-10-16
pytest-duration-insights,30,2021-10-16
scikit-lego,601,2021-10-16
tokenwiser,23,2021-10-16
whatlies,17,2021-10-16
clumper,152,2021-10-17
drawdata,8,2021-10-17
human-learn,49,2021-10-17
memo,84,2021-10-17
mktestdocs,53,2021-10-17
pytest-duration-insights,24,2021-10-17
scikit-lego,583,2021-10-17
tokenwiser,4,2021-10-17
whatlies,191,2021-10-17
clumper,50,2021-10-18
drawdata,2,2021-10-18
human-learn,31,2021-10-18
memo,68,2021-10-18
mktestdocs,29,2021-10-18
pytest-duration-insights,25,2021-10-18
scikit-lego,983,2021-10-18
tokenwiser,11,2021-10-18
whatlies,34,2021-10-18
clumper,20,2021-10-19
drawdata,7,2021-10-19
human-learn,9,2021-10-19
memo,11,2021-10-19
mktestdocs,69,2021-10-19
pytest-duration-insights,24,2021-10-19
scikit-lego,818,2021-10-19
tokenwiser,26,2021-10-19
whatlies,172,2021-10-19
clumper,98,2021-10-20
drawdata,7,2021-10-20
human-learn,25,2021-10-20
memo,16,2021-10-20
mktestdocs,55,2021-10-20
scikit-lego,931,2021-10-20
tokenwiser,14,2021-10-20
whatlies,38,2021-10-20
clumper,86,2021-10-21
drawdata,11,2021-10-21
human-learn,27,2021-10-21
memo,32,2021-10-21
mktestdocs,19,2021-10-21
pytest-duration-insights,3,2021-10-21
scikit-lego,797,2021-10-21
tokenwiser,29,2021-10-21
whatlies,367,2021-10-21
clumper,59,2021-10-22
drawdata,12,2021-10-22
human-learn,25,2021-10-22
memo,18,2021-10-22
mktestdocs,7,2021-10-22
pytest-duration-insights,12,2021-10-22
scikit-lego,1102,2021-10-22
tokenwiser,1,2021-10-22
whatlies,15,2021-10-22
clumper,57,2021-10-23
drawdata,5,2021-10-23
human-learn,1,2021-10-23
memo,25,2021-10-23
mktestdocs,6,2021-10-23
pytest-duration-insights,1,2021-10-23
scikit-lego,568,2021-10-23
tokenwiser,15,2021-10-23
whatlies,89,2021-10-23
clumper,9,2021-10-24
drawdata,4,2021-10-24
human-learn,24,2021-10-24
memo,2,2021-10-24
pytest-duration-insights,12,2021-10-24
scikit-lego,568,2021-10-24
tokenwiser,14,2021-10-24
whatlies,7,2021-10-24
clumper,51,2021-10-25
drawdata,8,2021-10-25
human-learn,28,2021-10-25
memo,26,2021-10-25
mktestdocs,41,2021-10-25
pytest-duration-insights,2,2021-10-25
scikit-lego,931,2021-10-25
tokenwiser,14,2021-10-25
whatlies,27,2021-10-25
clumper,16,2021-10-26
drawdata,7,2021-10-26
human-learn,5,2021-10-26
memo,21,2021-10-26
mktestdocs,38,2021-10-26
pytest-duration-insights,3,2021-10-26
scikit-lego,741,2021-10-26
tokenwiser,2,2021-10-26
whatlies,21,2021-10-26
clumper,102,2021-10-27
drawdata,24,2021-10-27
human-learn,29,2021-10-27
memo,29,2021-10-27
mktestdocs,85,2021-10-27
pytest-duration-insights,12,2021-10-27
scikit-lego,945,2021-10-27
tokenwiser,98,2021-10-27
whatlies,124,2021-10-27
clumper,199,2021-10-28
drawdata,10,2021-10-28
human-learn,47,2021-10-28
memo,48,2021-10-28
mktestdocs,96,2021-10-28
pytest-duration-insights,26,2021-10-28
scikit-lego,796,2021-10-28
tokenwiser,153,2021-10-28
whatlies,121,2021-10-28
clumper,57,2021-10-29
drawdata,8,2021-10-29
human-learn,35,2021-10-29
memo,77,2021-10-29
mktestdocs,14,2021-10-29
scikit-lego,661,2021-10-29
tokenwiser,21,2021-10-29
whatlies,182,2021-10-29
clumper,37,2021-10-30
drawdata,5,2021-10-30
human-learn,7,2021-10-30
memo,24,2021-10-30
mktestdocs,14,2021-10-30
pytest-duration-insights,1,2021-10-30
scikit-lego,540,2021-10-30
tokenwiser,50,2021-10-30
whatlies,115,2021-10-30
clumper,12,2021-10-31
drawdata,5,2021-10-31
human-learn,26,2021-10-31
memo,36,2021-10-31
mktestdocs,6,2021-10-31
scikit-lego,586,2021-10-31
tokenwiser,9,2021-10-31
whatlies,51,2021-10-31
clumper,86,2021-11-01
drawdata,6,2021-11-01
human-learn,12,2021-11-01
memo,44,2021-11-01
mktestdocs,12,2021-11-01
pytest-duration-insights,13,2021-11-01
scikit-lego,862,2021-11-01
tokenwiser,7,2021-11-01
whatlies,162,2021-11-01
clumper,112,2021-11-02
drawdata,7,2021-11-02
human-learn,69,2021-11-02
memo,79,2021-11-02
mktestdocs,22,2021-11-02
pytest-duration-insights,26,2021-11-02
scikit-lego,803,2021-11-02
tokenwiser,14,2021-11-02
whatlies,65,2021-11-02
clumper,151,2021-11-03
drawdata,7,2021-11-03
human-learn,2,2021-11-03
memo,1,2021-11-03
mktestdocs,65,2021-11-03
pytest-duration-insights,25,2021-11-03
scikit-lego,1210,2021-11-03
tokenwiser,9,2021-11-03
whatlies,39,2021-11-03
clumper,36,2021-11-04
drawdata,12,2021-11-04
human-learn,46,2021-11-04
memo,24,2021-11-04
mktestdocs,73,2021-11-04
pytest-duration-insights,1,2021-11-04
scikit-lego,922,2021-11-04
tokenwiser,23,2021-11-04
whatlies,33,2021-11-04
clumper,81,2021-11-08
drawdata,23,2021-11-08
human-learn,39,2021-11-08
memo,29,2021-11-08
mktestdocs,20,2021-11-08
pytest-duration-insights,5,2021-11-08
scikit-lego,913,2021-11-08
tokenwiser,10,2021-11-08
whatlies,42,2021-11-08
clumper,40,2021-11-09
drawdata,150,2021-11-09
human-learn,29,2021-11-09
memo,11,2021-11-09
mktestdocs,70,2021-11-09
pytest-duration-insights,26,2021-11-09
scikit-lego,950,2021-11-09
tokenwiser,27,2021-11-09
whatlies,144,2021-11-09
clumper,102,2021-11-10
drawdata,899,2021-11-10
human-learn,21,2021-11-10
memo,14,2021-11-10
mktestdocs,17,2021-11-10
scikit-lego,887,2021-11-10
tokenwiser,27,2021-11-10
whatlies,108,2021-11-10
clumper,50,2021-11-11
drawdata,497,2021-11-11
human-learn,23,2021-11-11
memo,6,2021-11-11
mktestdocs,9,2021-11-11
scikit-lego,959,2021-11-11
tokenwiser,4,2021-11-11
whatlies,40,2021-11-11
clumper,5,2021-11-12
drawdata,357,2021-11-12
human-learn,6,2021-11-12
memo,27,2021-11-12
mktestdocs,19,2021-11-12
pytest-duration-insights,6,2021-11-12
scikit-lego,855,2021-11-12
tokenwiser,3,2021-11-12
whatlies,33,2021-11-12
clumper,77,2021-11-13
drawdata,144,2021-11-13
human-learn,2,2021-11-13
memo,8,2021-11-13
mktestdocs,24,2021-11-13
pytest-duration-insights,6,2021-11-13
scikit-lego,586,2021-11-13
tokenwiser,9,2021-11-13
whatlies,22,2021-11-13
clumper,10,2021-11-14
drawdata,30,2021-11-14
human-learn,23,2021-11-14
memo,1,2021-11-14
mktestdocs,26,2021-11-14
pytest-duration-insights,1,2021-11-14
scikit-lego,650,2021-11-14
tokenwiser,8,2021-11-14
whatlies,44,2021-11-14
clumper,58,2021-11-15
drawdata,107,2021-11-15
human-learn,14,2021-11-15
memo,53,2021-11-15
mktestdocs,23,2021-11-15
pytest-duration-insights,23,2021-11-15
scikit-lego,844,2021-11-15
tokenwiser,86,2021-11-15
whatlies,29,2021-11-15
clumper,23,2021-11-16
drawdata,300,2021-11-16
human-learn,51,2021-11-16
memo,30,2021-11-16
mktestdocs,28,2021-11-16
pytest-duration-insights,26,2021-11-16
scikit-lego,977,2021-11-16
tokenwiser,5,2021-11-16
whatlies,169,2021-11-16
clumper,86,2021-11-17
drawdata,116,2021-11-17
human-learn,26,2021-11-17
memo,70,2021-11-17
mktestdocs,17,2021-11-17
pytest-duration-insights,19,2021-11-17
scikit-lego,955,2021-11-17
tokenwiser,45,2021-11-17
whatlies,324,2021-11-17
clumper,9,2021-11-18
drawdata,65,2021-11-18
human-learn,29,2021-11-18
memo,69,2021-11-18
mktestdocs,26,2021-11-18
pytest-duration-insights,15,2021-11-18
scikit-lego,900,2021-11-18
tokenwiser,22,2021-11-18
whatlies,179,2021-11-18
clumper,127,2021-11-19
drawdata,30,2021-11-19
human-learn,11,2021-11-19
memo,27,2021-11-19
mktestdocs,23,2021-11-19
pytest-duration-insights,20,2021-11-19
scikit-lego,769,2021-11-19
tokenwiser,11,2021-11-19
whatlies,213,2021-11-19
clumper,42,2021-11-20
drawdata,13,2021-11-20
human-learn,44,2021-11-20
memo,29,2021-11-20
mktestdocs,19,2021-11-20
pytest-duration-insights,24,2021-11-20
scikit-lego,645,2021-11-20
tokenwiser,9,2021-11-20
whatlies,27,2021-11-20
clumper,62,2021-11-21
drawdata,4,2021-11-21
human-learn,1,2021-11-21
memo,44,2021-11-21
mktestdocs,2,2021-11-21
pytest-duration-insights,13,2021-11-21
scikit-lego,662,2021-11-21
tokenwiser,35,2021-11-21
whatlies,230,2021-11-21
clumper,102,2021-11-22
drawdata,35,2021-11-22
human-learn,51,2021-11-22
memo,68,2021-11-22
mktestdocs,16,2021-11-22
pytest-duration-insights,13,2021-11-22
scikit-lego,1152,2021-11-22
tokenwiser,92,2021-11-22
whatlies,29,2021-11-22
clumper,257,2021-11-23
drawdata,244,2021-11-23
human-learn,27,2021-11-23
memo,42,2021-11-23
mktestdocs,20,2021-11-23
pytest-duration-insights,39,2021-11-23
scikit-lego,2000,2021-11-23
tokenwiser,69,2021-11-23
whatlies,200,2021-11-23
clumper,1,2021-11-24
drawdata,75,2021-11-24
scikit-lego,556,2021-11-24
whatlies,24,2021-11-24
scikit-lego,9,2021-11-25
whatlies,2,2021-11-25
scikit-lego,1,2021-11-26
human-learn,1,2021-11-28
scikit-lego,4,2021-11-28
whatlies,2,2021-11-28
memo,1,2021-11-29
pytest-duration-insights,2,2021-11-29
scikit-lego,12,2021-11-29
scikit-lego,8,2021-11-30
clumper,12,2021-12-19
drawdata,462,2021-12-19
human-learn,29,2021-12-19
memo,17,2021-12-19
mktestdocs,7,2021-12-19
pytest-duration-insights,36,2021-12-19
scikit-lego,749,2021-12-19
tokenwiser,33,2021-12-19
whatlies,197,2021-12-19
clumper,8,2021-12-20
drawdata,118,2021-12-20
human-learn,27,2021-12-20
memo,84,2021-12-20
mktestdocs,17,2021-12-20
pytest-duration-insights,25,2021-12-20
scikit-lego,1147,2021-12-20
tokenwiser,16,2021-12-20
whatlies,117,2021-12-20
clumper,103,2021-12-21
drawdata,249,2021-12-21
human-learn,25,2021-12-21
memo,21,2021-12-21
mktestdocs,18,2021-12-21
scikit-lego,1118,2021-12-21
tokenwiser,11,2021-12-21
whatlies,136,2021-12-21
clumper,265,2021-12-22
drawdata,21,2021-12-22
human-learn,21,2021-12-22
memo,160,2021-12-22
mktestdocs,19,2021-12-22
pytest-duration-insights,12,2021-12-22
scikit-lego,1258,2021-12-22
tokenwiser,32,2021-12-22
whatlies,131,2021-12-22
clumper,72,2021-12-23
drawdata,24,2021-12-23
human-learn,31,2021-12-23
memo,427,2021-12-23
mktestdocs,18,2021-12-23
pytest-duration-insights,12,2021-12-23
scikit-lego,353,2021-12-23
whatlies,166,2021-12-23
clumper,102,2021-12-24
drawdata,22,2021-12-24
human-learn,67,2021-12-24
memo,45,2021-12-24
mktestdocs,19,2021-12-24
pytest-duration-insights,12,2021-12-24
scikit-lego,996,2021-12-24
tokenwiser,53,2021-12-24
whatlies,217,2021-12-24
clumper,11,2021-12-25
drawdata,2,2021-12-25
human-learn,10,2021-12-25
memo,25,2021-12-25
mktestdocs,18,2021-12-25
pytest-duration-insights,34,2021-12-25
scikit-lego,725,2021-12-25
tokenwiser,25,2021-12-25
whatlies,97,2021-12-25
clumper,54,2021-12-26
drawdata,20,2021-12-26
human-learn,3,2021-12-26
memo,3,2021-12-26
mktestdocs,22,2021-12-26
pytest-duration-insights,25,2021-12-26
scikit-lego,680,2021-12-26
tokenwiser,26,2021-12-26
whatlies,122,2021-12-26
clumper,9,2021-12-27
drawdata,20,2021-12-27
human-learn,2,2021-12-27
memo,4,2021-12-27
mktestdocs,2,2021-12-27
pytest-duration-insights,1,2021-12-27
scikit-lego,884,2021-12-27
tokenwiser,16,2021-12-27
whatlies,95,2021-12-27
clumper,9,2021-12-28
drawdata,83,2021-12-28
human-learn,4,2021-12-28
memo,18,2021-12-28
mktestdocs,1,2021-12-28
pytest-duration-insights,27,2021-12-28
scikit-lego,1007,2021-12-28
tokenwiser,6,2021-12-28
whatlies,20,2021-12-28
clumper,13,2021-12-29
drawdata,304,2021-12-29
human-learn,24,2021-12-29
memo,67,2021-12-29
pytest-duration-insights,1,2021-12-29
scikit-lego,885,2021-12-29
tokenwiser,5,2021-12-29
whatlies,56,2021-12-29
clumper,44,2021-12-30
drawdata,19,2021-12-30
human-learn,3,2021-12-30
memo,53,2021-12-30
mktestdocs,6,2021-12-30
pytest-duration-insights,13,2021-12-30
scikit-lego,547,2021-12-30
whatlies,14,2021-12-30
clumper,81,2021-12-31
drawdata,6,2021-12-31
human-learn,6,2021-12-31
memo,46,2021-12-31
mktestdocs,18,2021-12-31
pytest-duration-insights,6,2021-12-31
scikit-lego,490,2021-12-31
tokenwiser,26,2021-12-31
whatlies,2,2021-12-31
clumper,58,2022-01-01
drawdata,140,2022-01-01
human-learn,26,2022-01-01
memo,41,2022-01-01
mktestdocs,23,2022-01-01
pytest-duration-insights,2,2022-01-01
scikit-lego,546,2022-01-01
tokenwiser,26,2022-01-01
whatlies,3,2022-01-01
clumper,61,2022-01-02
drawdata,578,2022-01-02
human-learn,24,2022-01-02
memo,15,2022-01-02
mktestdocs,3,2022-01-02
pytest-duration-insights,14,2022-01-02
scikit-lego,457,2022-01-02
whatlies,187,2022-01-02
clumper,88,2022-01-03
drawdata,153,2022-01-03
human-learn,52,2022-01-03
memo,24,2022-01-03
mktestdocs,23,2022-01-03
pytest-duration-insights,12,2022-01-03
scikit-lego,720,2022-01-03
tokenwiser,43,2022-01-03
whatlies,127,2022-01-03
clumper,134,2022-01-04
drawdata,55,2022-01-04
human-learn,25,2022-01-04
memo,61,2022-01-04
mktestdocs,42,2022-01-04
pytest-duration-insights,26,2022-01-04
scikit-lego,774,2022-01-04
tokenwiser,21,2022-01-04
whatlies,129,2022-01-04
clumper,136,2022-01-05
drawdata,24,2022-01-05
human-learn,28,2022-01-05
memo,27,2022-01-05
mktestdocs,18,2022-01-05
pytest-duration-insights,2,2022-01-05
scikit-lego,764,2022-01-05
tokenwiser,36,2022-01-05
whatlies,110,2022-01-05
clumper,75,2022-01-06
drawdata,10,2022-01-06
human-learn,33,2022-01-06
memo,41,2022-01-06
mktestdocs,22,2022-01-06
pytest-duration-insights,18,2022-01-06
scikit-lego,746,2022-01-06
tokenwiser,37,2022-01-06
whatlies,208,2022-01-06
clumper,85,2022-01-07
drawdata,29,2022-01-07
human-learn,2,2022-01-07
memo,17,2022-01-07
mktestdocs,6,2022-01-07
scikit-lego,896,2022-01-07
tokenwiser,1,2022-01-07
whatlies,16,2022-01-07
clumper,112,2022-01-08
drawdata,16,2022-01-08
human-learn,75,2022-01-08
memo,15,2022-01-08
mktestdocs,2,2022-01-08
pytest-duration-insights,25,2022-01-08
scikit-lego,476,2022-01-08
tokenwiser,2,2022-01-08
whatlies,8,2022-01-08
clumper,8,2022-01-09
drawdata,7,2022-01-09
human-learn,23,2022-01-09
memo,36,2022-01-09
mktestdocs,13,2022-01-09
scikit-lego,524,2022-01-09
tokenwiser,18,2022-01-09
whatlies,95,2022-01-09
clumper,6,2022-01-10
drawdata,166,2022-01-10
human-learn,27,2022-01-10
memo,13,2022-01-10
mktestdocs,9,2022-01-10
pytest-duration-insights,13,2022-01-10
scikit-lego,711,2022-01-10
tokenwiser,1,2022-01-10
whatlies,14,2022-01-10
clumper,141,2022-01-11
drawdata,64,2022-01-11
human-learn,26,2022-01-11
memo,23,2022-01-11
mktestdocs,7,2022-01-11
pytest-duration-insights,13,2022-01-11
scikit-lego,709,2022-01-11
whatlies,24,2022-01-11
clumper,96,2022-01-12
drawdata,43,2022-01-12
human-learn,69,2022-01-12
memo,43,2022-01-12
mktestdocs,25,2022-01-12
pytest-duration-insights,24,2022-01-12
scikit-lego,637,2022-01-12
tokenwiser,36,2022-01-12
whatlies,37,2022-01-12
clumper,188,2022-01-13
drawdata,43,2022-01-13
human-learn,10,2022-01-13
memo,12,2022-01-13
mktestdocs,8,2022-01-13
pytest-duration-insights,13,2022-01-13
scikit-lego,612,2022-01-13
tokenwiser,48,2022-01-13
whatlies,298,2022-01-13
clumper,51,2022-01-14
drawdata,96,2022-01-14
human-learn,39,2022-01-14
memo,33,2022-01-14
mktestdocs,7,2022-01-14
pytest-duration-insights,5,2022-01-14
scikit-lego,476,2022-01-14
tokenwiser,4,2022-01-14
whatlies,165,2022-01-14
clumper,65,2022-01-15
drawdata,21,2022-01-15
human-learn,9,2022-01-15
memo,9,2022-01-15
mktestdocs,4,2022-01-15
pytest-duration-insights,12,2022-01-15
scikit-lego,410,2022-01-15
tokenwiser,7,2022-01-15
whatlies,29,2022-01-15
clumper,18,2022-01-16
drawdata,33,2022-01-16
human-learn,37,2022-01-16
memo,7,2022-01-16
mktestdocs,3,2022-01-16
pytest-duration-insights,31,2022-01-16
scikit-lego,502,2022-01-16
tokenwiser,16,2022-01-16
whatlies,123,2022-01-16
clumper,51,2022-01-17
drawdata,103,2022-01-17
human-learn,24,2022-01-17
memo,32,2022-01-17
mktestdocs,13,2022-01-17
scikit-lego,656,2022-01-17
tokenwiser,26,2022-01-17
whatlies,130,2022-01-17
clumper,124,2022-01-18
drawdata,30,2022-01-18
human-learn,6,2022-01-18
memo,20,2022-01-18
mktestdocs,9,2022-01-18
pytest-duration-insights,15,2022-01-18
scikit-lego,775,2022-01-18
tokenwiser,21,2022-01-18
whatlies,86,2022-01-18
clumper,121,2022-01-19
drawdata,90,2022-01-19
human-learn,71,2022-01-19
memo,96,2022-01-19
mktestdocs,11,2022-01-19
scikit-lego,593,2022-01-19
tokenwiser,10,2022-01-19
whatlies,129,2022-01-19
clumper,221,2022-01-20
drawdata,252,2022-01-20
human-learn,34,2022-01-20
memo,3,2022-01-20
mktestdocs,28,2022-01-20
pytest-duration-insights,24,2022-01-20
scikit-lego,582,2022-01-20
tokenwiser,34,2022-01-20
whatlies,34,2022-01-20
clumper,123,2022-01-21
drawdata,124,2022-01-21
human-learn,39,2022-01-21
memo,27,2022-01-21
mktestdocs,15,2022-01-21
pytest-duration-insights,24,2022-01-21
scikit-lego,664,2022-01-21
tokenwiser,32,2022-01-21
whatlies,35,2022-01-21
clumper,40,2022-01-22
drawdata,13,2022-01-22
human-learn,59,2022-01-22
memo,32,2022-01-22
mktestdocs,7,2022-01-22
pytest-duration-insights,13,2022-01-22
scikit-lego,422,2022-01-22
tokenwiser,23,2022-01-22
whatlies,94,2022-01-22
clumper,3,2022-01-23
drawdata,10,2022-01-23
human-learn,9,2022-01-23
memo,3,2022-01-23
mktestdocs,4,2022-01-23
pytest-duration-insights,24,2022-01-23
scikit-lego,507,2022-01-23
tokenwiser,22,2022-01-23
whatlies,226,2022-01-23
clumper,9,2022-01-24
drawdata,22,2022-01-24
human-learn,47,2022-01-24
memo,110,2022-01-24
mktestdocs,20,2022-01-24
pytest-duration-insights,1,2022-01-24
scikit-lego,803,2022-01-24
tokenwiser,17,2022-01-24
whatlies,143,2022-01-24
clumper,122,2022-01-25
drawdata,97,2022-01-25
human-learn,7,2022-01-25
memo,106,2022-01-25
mktestdocs,15,2022-01-25
pytest-duration-insights,2,2022-01-25
scikit-lego,842,2022-01-25
tokenwiser,17,2022-01-25
whatlies,64,2022-01-25
clumper,157,2022-01-26
drawdata,116,2022-01-26
human-learn,2,2022-01-26
memo,41,2022-01-26
mktestdocs,15,2022-01-26
pytest-duration-insights,4,2022-01-26
scikit-lego,644,2022-01-26
tokenwiser,19,2022-01-26
whatlies,203,2022-01-26
clumper,91,2022-01-27
drawdata,119,2022-01-27
human-learn,16,2022-01-27
memo,120,2022-01-27
mktestdocs,18,2022-01-27
pytest-duration-insights,13,2022-01-27
scikit-lego,753,2022-01-27
tokenwiser,14,2022-01-27
whatlies,75,2022-01-27
clumper,39,2022-01-28
drawdata,87,2022-01-28
human-learn,35,2022-01-28
memo,130,2022-01-28
mktestdocs,19,2022-01-28
pytest-duration-insights,1,2022-01-28
scikit-lego,599,2022-01-28
tokenwiser,6,2022-01-28
whatlies,28,2022-01-28
clumper,78,2022-01-29
drawdata,95,2022-01-29
human-learn,23,2022-01-29
memo,20,2022-01-29
mktestdocs,9,2022-01-29
pytest-duration-insights,22,2022-01-29
scikit-lego,362,2022-01-29
tokenwiser,18,2022-01-29
whatlies,26,2022-01-29
clumper,22,2022-01-30
drawdata,48,2022-01-30
memo,16,2022-01-30
scikit-lego,433,2022-01-30
tokenwiser,27,2022-01-30
whatlies,8,2022-01-30
clumper,6,2022-01-31
drawdata,40,2022-01-31
human-learn,1,2022-01-31
memo,151,2022-01-31
mktestdocs,17,2022-01-31
pytest-duration-insights,12,2022-01-31
scikit-lego,698,2022-01-31
whatlies,38,2022-01-31
clumper,274,2022-02-01
drawdata,152,2022-02-01
human-learn,14,2022-02-01
memo,99,2022-02-01
mktestdocs,30,2022-02-01
pytest-duration-insights,12,2022-02-01
scikit-lego,675,2022-02-01
tokenwiser,6,2022-02-01
whatlies,114,2022-02-01
clumper,143,2022-02-02
drawdata,17,2022-02-02
human-learn,26,2022-02-02
memo,130,2022-02-02
mktestdocs,99,2022-02-02
pytest-duration-insights,6,2022-02-02
scikit-lego,572,2022-02-02
tokenwiser,24,2022-02-02
whatlies,43,2022-02-02
clumper,80,2022-02-03
drawdata,50,2022-02-03
human-learn,47,2022-02-03
memo,75,2022-02-03
mktestdocs,65,2022-02-03
scikit-lego,553,2022-02-03
tokenwiser,4,2022-02-03
whatlies,46,2022-02-03
clumper,4,2022-02-06
drawdata,12,2022-02-06
human-learn,44,2022-02-06
memo,107,2022-02-06
mktestdocs,12,2022-02-06
pytest-duration-insights,18,2022-02-06
scikit-lego,451,2022-02-06
tokenwiser,17,2022-02-06
whatlies,94,2022-02-06
clumper,55,2022-02-07
drawdata,18,2022-02-07
human-learn,27,2022-02-07
memo,135,2022-02-07
mktestdocs,48,2022-02-07
pytest-duration-insights,12,2022-02-07
scikit-lego,735,2022-02-07
tokenwiser,25,2022-02-07
whatlies,114,2022-02-07
clumper,30,2022-02-08
drawdata,20,2022-02-08
human-learn,11,2022-02-08
memo,76,2022-02-08
mktestdocs,124,2022-02-08
pytest-duration-insights,25,2022-02-08
scikit-lego,737,2022-02-08
tokenwiser,41,2022-02-08
whatlies,101,2022-02-08
clumper,115,2022-02-09
drawdata,37,2022-02-09
human-learn,46,2022-02-09
memo,51,2022-02-09
mktestdocs,100,2022-02-09
pytest-duration-insights,1,2022-02-09
scikit-lego,590,2022-02-09
tokenwiser,4,2022-02-09
whatlies,36,2022-02-09
clumper,55,2022-02-10
drawdata,115,2022-02-10
human-learn,52,2022-02-10
memo,56,2022-02-10
mktestdocs,100,2022-02-10
pytest-duration-insights,22,2022-02-10
scikit-lego,667,2022-02-10
tokenwiser,3,2022-02-10
whatlies,29,2022-02-10
clumper,84,2022-02-11
drawdata,52,2022-02-11
memo,27,2022-02-11
mktestdocs,47,2022-02-11
pytest-duration-insights,19,2022-02-11
scikit-lego,722,2022-02-11
tokenwiser,55,2022-02-11
whatlies,223,2022-02-11
clumper,78,2022-02-12
drawdata,3,2022-02-12
human-learn,24,2022-02-12
memo,47,2022-02-12
mktestdocs,1,2022-02-12
pytest-duration-insights,12,2022-02-12
scikit-lego,501,2022-02-12
tokenwiser,40,2022-02-12
whatlies,335,2022-02-12
clumper,13,2022-02-13
drawdata,7,2022-02-13
human-learn,9,2022-02-13
memo,15,2022-02-13
pytest-duration-insights,1,2022-02-13
scikit-lego,477,2022-02-13
tokenwiser,1,2022-02-13
whatlies,34,2022-02-13
clumper,47,2022-02-14
drawdata,28,2022-02-14
human-learn,27,2022-02-14
memo,26,2022-02-14
mktestdocs,95,2022-02-14
pytest-duration-insights,21,2022-02-14
scikit-lego,604,2022-02-14
tokenwiser,13,2022-02-14
whatlies,108,2022-02-14
clumper,79,2022-02-15
drawdata,121,2022-02-15
human-learn,14,2022-02-15
memo,82,2022-02-15
mktestdocs,77,2022-02-15
pytest-duration-insights,8,2022-02-15
scikit-lego,689,2022-02-15
tokenwiser,17,2022-02-15
whatlies,20,2022-02-15
clumper,261,2022-02-16
drawdata,98,2022-02-16
human-learn,17,2022-02-16
memo,43,2022-02-16
mktestdocs,32,2022-02-16
pytest-duration-insights,4,2022-02-16
scikit-lego,541,2022-02-16
tokenwiser,20,2022-02-16
whatlies,72,2022-02-16
clumper,194,2022-02-17
drawdata,163,2022-02-17
human-learn,8,2022-02-17
memo,17,2022-02-17
mktestdocs,18,2022-02-17
pytest-duration-insights,2,2022-02-17
scikit-lego,464,2022-02-17
tokenwiser,5,2022-02-17
whatlies,34,2022-02-17
clumper,250,2022-02-18
drawdata,50,2022-02-18
human-learn,4,2022-02-18
memo,55,2022-02-18
mktestdocs,42,2022-02-18
pytest-duration-insights,25,2022-02-18
scikit-lego,767,2022-02-18
tokenwiser,18,2022-02-18
whatlies,98,2022-02-18
clumper,121,2022-02-20
drawdata,10,2022-02-20
human-learn,52,2022-02-20
memo,133,2022-02-20
mktestdocs,16,2022-02-20
pytest-duration-insights,84,2022-02-20
scikit-lego,893,2022-02-20
tokenwiser,32,2022-02-20
whatlies,93,2022-02-20
clumper,259,2022-02-21
drawdata,23,2022-02-21
human-learn,74,2022-02-21
memo,76,2022-02-21
mktestdocs,61,2022-02-21
pytest-duration-insights,48,2022-02-21
scikit-lego,1133,2022-02-21
tokenwiser,73,2022-02-21
whatlies,286,2022-02-21
clumper,256,2022-02-22
drawdata,101,2022-02-22
human-learn,47,2022-02-22
memo,75,2022-02-22
mktestdocs,82,2022-02-22
pytest-duration-insights,28,2022-02-22
scikit-lego,758,2022-02-22
tokenwiser,35,2022-02-22
whatlies,27,2022-02-22
clumper,120,2022-02-23
drawdata,129,2022-02-23
human-learn,11,2022-02-23
memo,147,2022-02-23
mktestdocs,49,2022-02-23
pytest-duration-insights,32,2022-02-23
scikit-lego,992,2022-02-23
tokenwiser,18,2022-02-23
whatlies,209,2022-02-23
clumper,82,2022-02-24
drawdata,234,2022-02-24
human-learn,73,2022-02-24
memo,164,2022-02-24
mktestdocs,45,2022-02-24
pytest-duration-insights,19,2022-02-24
scikit-lego,729,2022-02-24
tokenwiser,25,2022-02-24
whatlies,118,2022-02-24
clumper,127,2022-02-25
drawdata,111,2022-02-25
human-learn,33,2022-02-25
memo,77,2022-02-25
mktestdocs,17,2022-02-25
pytest-duration-insights,1,2022-02-25
scikit-lego,1033,2022-02-25
tokenwiser,7,2022-02-25
whatlies,240,2022-02-25
clumper,41,2022-02-26
drawdata,10,2022-02-26
human-learn,2,2022-02-26
memo,42,2022-02-26
mktestdocs,27,2022-02-26
pytest-duration-insights,18,2022-02-26
scikit-lego,723,2022-02-26
tokenwiser,29,2022-02-26
whatlies,11,2022-02-26
clumper,53,2022-02-27
drawdata,13,2022-02-27
human-learn,68,2022-02-27
memo,27,2022-02-27
mktestdocs,14,2022-02-27
pytest-duration-insights,12,2022-02-27
scikit-lego,658,2022-02-27
tokenwiser,2,2022-02-27
whatlies,24,2022-02-27
clumper,174,2022-02-28
drawdata,7,2022-02-28
human-learn,9,2022-02-28
memo,129,2022-02-28
mktestdocs,22,2022-02-28
pytest-duration-insights,45,2022-02-28
scikit-lego,748,2022-02-28
tokenwiser,36,2022-02-28
whatlies,252,2022-02-28
clumper,252,2022-03-01
drawdata,64,2022-03-01
human-learn,49,2022-03-01
memo,110,2022-03-01
mktestdocs,24,2022-03-01
pytest-duration-insights,19,2022-03-01
scikit-lego,811,2022-03-01
tokenwiser,59,2022-03-01
whatlies,222,2022-03-01
clumper,262,2022-03-02
drawdata,134,2022-03-02
human-learn,50,2022-03-02
memo,42,2022-03-02
mktestdocs,16,2022-03-02
pytest-duration-insights,13,2022-03-02
scikit-lego,645,2022-03-02
tokenwiser,17,2022-03-02
whatlies,147,2022-03-02
clumper,295,2022-03-03
drawdata,57,2022-03-03
human-learn,27,2022-03-03
memo,57,2022-03-03
mktestdocs,15,2022-03-03
pytest-duration-insights,6,2022-03-03
scikit-lego,604,2022-03-03
tokenwiser,11,2022-03-03
whatlies,77,2022-03-03
clumper,396,2022-03-04
drawdata,149,2022-03-04
human-learn,83,2022-03-04
memo,68,2022-03-04
mktestdocs,34,2022-03-04
pytest-duration-insights,7,2022-03-04
scikit-lego,1036,2022-03-04
tokenwiser,13,2022-03-04
whatlies,168,2022-03-04
clumper,107,2022-03-05
drawdata,102,2022-03-05
human-learn,137,2022-03-05
memo,82,2022-03-05
mktestdocs,40,2022-03-05
pytest-duration-insights,49,2022-03-05
scikit-lego,783,2022-03-05
whatlies,20,2022-03-05
clumper,211,2022-03-06
drawdata,18,2022-03-06
human-learn,73,2022-03-06
memo,76,2022-03-06
mktestdocs,25,2022-03-06
pytest-duration-insights,65,2022-03-06
scikit-lego,747,2022-03-06
tokenwiser,86,2022-03-06
whatlies,251,2022-03-06
clumper,188,2022-03-07
drawdata,45,2022-03-07
human-learn,48,2022-03-07
memo,85,2022-03-07
mktestdocs,49,2022-03-07
pytest-duration-insights,44,2022-03-07
scikit-lego,898,2022-03-07
tokenwiser,36,2022-03-07
whatlies,307,2022-03-07
clumper,221,2022-03-08
drawdata,100,2022-03-08
human-learn,54,2022-03-08
memo,59,2022-03-08
mktestdocs,43,2022-03-08
pytest-duration-insights,38,2022-03-08
scikit-lego,870,2022-03-08
tokenwiser,33,2022-03-08
whatlies,151,2022-03-08
clumper,136,2022-03-09
drawdata,168,2022-03-09
human-learn,54,2022-03-09
memo,97,2022-03-09
mktestdocs,38,2022-03-09
pytest-duration-insights,2,2022-03-09
scikit-lego,987,2022-03-09
tokenwiser,50,2022-03-09
whatlies,282,2022-03-09
clumper,187,2022-03-10
drawdata,142,2022-03-10
human-learn,74,2022-03-10
memo,102,2022-03-10
mktestdocs,76,2022-03-10
pytest-duration-insights,119,2022-03-10
scikit-lego,996,2022-03-10
tokenwiser,44,2022-03-10
whatlies,137,2022-03-10
clumper,169,2022-03-11
drawdata,50,2022-03-11
human-learn,83,2022-03-11
memo,26,2022-03-11
mktestdocs,52,2022-03-11
pytest-duration-insights,46,2022-03-11
scikit-lego,1041,2022-03-11
tokenwiser,33,2022-03-11
whatlies,205,2022-03-11
clumper,48,2022-03-12
human-learn,55,2022-03-12
memo,37,2022-03-12
mktestdocs,12,2022-03-12
pytest-duration-insights,28,2022-03-12
scikit-lego,662,2022-03-12
tokenwiser,53,2022-03-12
whatlies,180,2022-03-12
clumper,37,2022-03-13
drawdata,8,2022-03-13
human-learn,12,2022-03-13
memo,31,2022-03-13
mktestdocs,33,2022-03-13
pytest-duration-insights,20,2022-03-13
scikit-lego,543,2022-03-13
tokenwiser,29,2022-03-13
whatlies,231,2022-03-13
clumper,130,2022-03-14
drawdata,19,2022-03-14
human-learn,36,2022-03-14
memo,49,2022-03-14
mktestdocs,49,2022-03-14
pytest-duration-insights,80,2022-03-14
scikit-lego,776,2022-03-14
tokenwiser,57,2022-03-14
whatlies,117,2022-03-14
clumper,94,2022-03-17
drawdata,53,2022-03-17
human-learn,15,2022-03-17
memo,82,2022-03-17
mktestdocs,53,2022-03-17
pytest-duration-insights,25,2022-03-17
scikit-lego,628,2022-03-17
tokenwiser,45,2022-03-17
whatlies,127,2022-03-17
clumper,139,2022-03-18
drawdata,13,2022-03-18
human-learn,1,2022-03-18
memo,118,2022-03-18
mktestdocs,15,2022-03-18
pytest-duration-insights,16,2022-03-18
scikit-lego,750,2022-03-18
tokenwiser,10,2022-03-18
whatlies,37,2022-03-18
clumper,151,2022-03-19
drawdata,21,2022-03-19
human-learn,27,2022-03-19
memo,15,2022-03-19
mktestdocs,9,2022-03-19
pytest-duration-insights,13,2022-03-19
scikit-lego,651,2022-03-19
whatlies,15,2022-03-19
clumper,137,2022-03-20
drawdata,12,2022-03-20
human-learn,46,2022-03-20
memo,33,2022-03-20
mktestdocs,10,2022-03-20
pytest-duration-insights,12,2022-03-20
scikit-lego,400,2022-03-20
tokenwiser,7,2022-03-20
whatlies,18,2022-03-20
clumper,178,2022-03-21
drawdata,45,2022-03-21
human-learn,42,2022-03-21
memo,138,2022-03-21
mktestdocs,44,2022-03-21
pytest-duration-insights,26,2022-03-21
scikit-lego,622,2022-03-21
tokenwiser,6,2022-03-21
whatlies,25,2022-03-21
clumper,233,2022-03-22
drawdata,91,2022-03-22
human-learn,57,2022-03-22
memo,173,2022-03-22
mktestdocs,54,2022-03-22
pytest-duration-insights,34,2022-03-22
scikit-lego,669,2022-03-22
tokenwiser,27,2022-03-22
whatlies,120,2022-03-22
clumper,181,2022-03-23
drawdata,93,2022-03-23
human-learn,16,2022-03-23
memo,213,2022-03-23
mktestdocs,54,2022-03-23
pytest-duration-insights,23,2022-03-23
scikit-lego,585,2022-03-23
tokenwiser,11,2022-03-23
whatlies,229,2022-03-23
clumper,328,2022-03-24
drawdata,281,2022-03-24
human-learn,62,2022-03-24
memo,450,2022-03-24
mktestdocs,35,2022-03-24
pytest-duration-insights,43,2022-03-24
scikit-lego,578,2022-03-24
tokenwiser,11,2022-03-24
whatlies,28,2022-03-24
clumper,218,2022-03-25
drawdata,249,2022-03-25
human-learn,67,2022-03-25
memo,600,2022-03-25
mktestdocs,56,2022-03-25
pytest-duration-insights,76,2022-03-25
scikit-lego,765,2022-03-25
tokenwiser,50,2022-03-25
whatlies,200,2022-03-25
clumper,135,2022-03-26
drawdata,23,2022-03-26
human-learn,60,2022-03-26
memo,33,2022-03-26
mktestdocs,14,2022-03-26
pytest-duration-insights,13,2022-03-26
scikit-lego,372,2022-03-26
tokenwiser,46,2022-03-26
whatlies,252,2022-03-26
clumper,44,2022-03-27
drawdata,6,2022-03-27
human-learn,25,2022-03-27
memo,91,2022-03-27
mktestdocs,8,2022-03-27
pytest-duration-insights,36,2022-03-27
scikit-lego,367,2022-03-27
tokenwiser,36,2022-03-27
whatlies,289,2022-03-27
clumper,98,2022-03-28
drawdata,190,2022-03-28
human-learn,26,2022-03-28
memo,136,2022-03-28
mktestdocs,7,2022-03-28
pytest-duration-insights,29,2022-03-28
scikit-lego,438,2022-03-28
tokenwiser,4,2022-03-28
whatlies,28,2022-03-28
clumper,92,2022-03-29
drawdata,259,2022-03-29
human-learn,48,2022-03-29
memo,144,2022-03-29
mktestdocs,14,2022-03-29
pytest-duration-insights,25,2022-03-29
scikit-lego,614,2022-03-29
tokenwiser,17,2022-03-29
whatlies,121,2022-03-29
clumper,82,2022-03-30
drawdata,94,2022-03-30
human-learn,55,2022-03-30
memo,112,2022-03-30
mktestdocs,29,2022-03-30
pytest-duration-insights,35,2022-03-30
scikit-lego,627,2022-03-30
tokenwiser,5,2022-03-30
whatlies,102,2022-03-30
clumper,226,2022-03-31
drawdata,96,2022-03-31
human-learn,28,2022-03-31
memo,157,2022-03-31
mktestdocs,62,2022-03-31
pytest-duration-insights,25,2022-03-31
scikit-lego,664,2022-03-31
tokenwiser,24,2022-03-31
whatlies,22,2022-03-31
clumper,163,2022-04-01
drawdata,46,2022-04-01
human-learn,30,2022-04-01
memo,73,2022-04-01
mktestdocs,14,2022-04-01
pytest-duration-insights,11,2022-04-01
scikit-lego,652,2022-04-01
tokenwiser,61,2022-04-01
whatlies,201,2022-04-01
clumper,9,2022-04-02
drawdata,13,2022-04-02
human-learn,68,2022-04-02
memo,57,2022-04-02
mktestdocs,5,2022-04-02
pytest-duration-insights,18,2022-04-02
scikit-lego,298,2022-04-02
tokenwiser,34,2022-04-02
whatlies,105,2022-04-02
clumper,67,2022-04-03
drawdata,9,2022-04-03
human-learn,23,2022-04-03
memo,32,2022-04-03
mktestdocs,26,2022-04-03
pytest-duration-insights,20,2022-04-03
scikit-lego,480,2022-04-03
tokenwiser,25,2022-04-03
whatlies,195,2022-04-03
clumper,249,2022-04-04
drawdata,490,2022-04-04
human-learn,1,2022-04-04
memo,107,2022-04-04
mktestdocs,18,2022-04-04
pytest-duration-insights,14,2022-04-04
scikit-lego,627,2022-04-04
tokenwiser,4,2022-04-04
whatlies,21,2022-04-04
clumper,253,2022-04-05
drawdata,108,2022-04-05
human-learn,5,2022-04-05
memo,135,2022-04-05
mktestdocs,15,2022-04-05
pytest-duration-insights,63,2022-04-05
scikit-lego,565,2022-04-05
tokenwiser,1,2022-04-05
whatlies,35,2022-04-05
clumper,278,2022-04-06
drawdata,119,2022-04-06
human-learn,49,2022-04-06
memo,261,2022-04-06
mktestdocs,56,2022-04-06
pytest-duration-insights,32,2022-04-06
scikit-lego,655,2022-04-06
tokenwiser,21,2022-04-06
whatlies,19,2022-04-06
clumper,318,2022-04-07
drawdata,87,2022-04-07
human-learn,49,2022-04-07
memo,5,2022-04-07
mktestdocs,33,2022-04-07
pytest-duration-insights,39,2022-04-07
scikit-lego,381,2022-04-07
tokenwiser,17,2022-04-07
whatlies,116,2022-04-07
clumper,166,2022-04-08
drawdata,19,2022-04-08
human-learn,46,2022-04-08
memo,41,2022-04-08
mktestdocs,21,2022-04-08
pytest-duration-insights,40,2022-04-08
scikit-lego,567,2022-04-08
tokenwiser,23,2022-04-08
whatlies,18,2022-04-08
clumper,124,2022-04-09
drawdata,2,2022-04-09
human-learn,24,2022-04-09
memo,5,2022-04-09
mktestdocs,2,2022-04-09
pytest-duration-insights,4,2022-04-09
scikit-lego,424,2022-04-09
tokenwiser,36,2022-04-09
whatlies,207,2022-04-09
clumper,22,2022-04-10
drawdata,74,2022-04-10
human-learn,28,2022-04-10
memo,34,2022-04-10
mktestdocs,14,2022-04-10
pytest-duration-insights,28,2022-04-10
scikit-lego,480,2022-04-10
tokenwiser,33,2022-04-10
whatlies,112,2022-04-10
clumper,159,2022-04-11
drawdata,90,2022-04-11
human-learn,46,2022-04-11
memo,56,2022-04-11
mktestdocs,52,2022-04-11
pytest-duration-insights,18,2022-04-11
scikit-lego,435,2022-04-11
tokenwiser,5,2022-04-11
whatlies,39,2022-04-11
clumper,103,2022-04-12
drawdata,63,2022-04-12
human-learn,19,2022-04-12
memo,54,2022-04-12
mktestdocs,56,2022-04-12
pytest-duration-insights,24,2022-04-12
scikit-lego,486,2022-04-12
tokenwiser,1,2022-04-12
whatlies,34,2022-04-12
clumper,93,2022-04-13
drawdata,113,2022-04-13
human-learn,35,2022-04-13
memo,34,2022-04-13
mktestdocs,23,2022-04-13
pytest-duration-insights,35,2022-04-13
scikit-lego,521,2022-04-13
tokenwiser,23,2022-04-13
whatlies,20,2022-04-13
clumper,93,2022-04-14
drawdata,60,2022-04-14
human-learn,43,2022-04-14
memo,35,2022-04-14
mktestdocs,20,2022-04-14
pytest-duration-insights,25,2022-04-14
scikit-lego,594,2022-04-14
tokenwiser,10,2022-04-14
whatlies,37,2022-04-14
clumper,146,2022-04-15
drawdata,13,2022-04-15
human-learn,34,2022-04-15
memo,37,2022-04-15
mktestdocs,20,2022-04-15
pytest-duration-insights,22,2022-04-15
scikit-lego,514,2022-04-15
tokenwiser,35,2022-04-15
whatlies,9,2022-04-15
clumper,49,2022-04-16
drawdata,13,2022-04-16
human-learn,28,2022-04-16
memo,17,2022-04-16
mktestdocs,14,2022-04-16
pytest-duration-insights,12,2022-04-16
scikit-lego,348,2022-04-16
tokenwiser,38,2022-04-16
whatlies,279,2022-04-16
clumper,10,2022-04-17
drawdata,5,2022-04-17
human-learn,22,2022-04-17
memo,12,2022-04-17
mktestdocs,8,2022-04-17
pytest-duration-insights,48,2022-04-17
scikit-lego,410,2022-04-17
tokenwiser,40,2022-04-17
whatlies,200,2022-04-17
clumper,73,2022-04-18
drawdata,9,2022-04-18
human-learn,5,2022-04-18
memo,12,2022-04-18
mktestdocs,6,2022-04-18
pytest-duration-insights,28,2022-04-18
scikit-lego,453,2022-04-18
tokenwiser,27,2022-04-18
whatlies,99,2022-04-18
clumper,89,2022-04-19
drawdata,32,2022-04-19
human-learn,26,2022-04-19
memo,30,2022-04-19
mktestdocs,21,2022-04-19
pytest-duration-insights,16,2022-04-19
scikit-lego,629,2022-04-19
tokenwiser,1,2022-04-19
whatlies,39,2022-04-19
clumper,171,2022-04-20
drawdata,31,2022-04-20
human-learn,7,2022-04-20
memo,11,2022-04-20
mktestdocs,9,2022-04-20
pytest-duration-insights,35,2022-04-20
scikit-lego,687,2022-04-20
tokenwiser,50,2022-04-20
whatlies,211,2022-04-20
clumper,128,2022-04-21
drawdata,28,2022-04-21
human-learn,47,2022-04-21
memo,38,2022-04-21
mktestdocs,9,2022-04-21
pytest-duration-insights,19,2022-04-21
scikit-lego,574,2022-04-21
whatlies,134,2022-04-21
clumper,187,2022-04-22
drawdata,25,2022-04-22
human-learn,18,2022-04-22
mktestdocs,43,2022-04-22
pytest-duration-insights,44,2022-04-22
scikit-lego,424,2022-04-22
tokenwiser,17,2022-04-22
whatlies,119,2022-04-22
clumper,18,2022-04-23
drawdata,7,2022-04-23
human-learn,46,2022-04-23
memo,6,2022-04-23
mktestdocs,9,2022-04-23
pytest-duration-insights,4,2022-04-23
scikit-lego,305,2022-04-23
tokenwiser,21,2022-04-23
whatlies,107,2022-04-23
clumper,72,2022-04-24
drawdata,8,2022-04-24
human-learn,27,2022-04-24
memo,21,2022-04-24
mktestdocs,13,2022-04-24
pytest-duration-insights,11,2022-04-24
scikit-lego,315,2022-04-24
tokenwiser,3,2022-04-24
whatlies,26,2022-04-24
clumper,86,2022-04-25
drawdata,16,2022-04-25
human-learn,4,2022-04-25
memo,51,2022-04-25
mktestdocs,37,2022-04-25
pytest-duration-insights,18,2022-04-25
scikit-lego,560,2022-04-25
tokenwiser,7,2022-04-25
whatlies,36,2022-04-25
clumper,136,2022-04-26
drawdata,183,2022-04-26
human-learn,38,2022-04-26
memo,37,2022-04-26
mktestdocs,69,2022-04-26
pytest-duration-insights,35,2022-04-26
scikit-lego,590,2022-04-26
tokenwiser,3,2022-04-26
whatlies,88,2022-04-26
clumper,200,2022-04-27
drawdata,31,2022-04-27
human-learn,37,2022-04-27
memo,133,2022-04-27
mktestdocs,105,2022-04-27
pytest-duration-insights,35,2022-04-27
scikit-lego,556,2022-04-27
tokenwiser,17,2022-04-27
whatlies,153,2022-04-27
clumper,151,2022-04-28
drawdata,20,2022-04-28
human-learn,29,2022-04-28
memo,8,2022-04-28
mktestdocs,32,2022-04-28
pytest-duration-insights,59,2022-04-28
scikit-lego,730,2022-04-28
tokenwiser,11,2022-04-28
whatlies,46,2022-04-28
clumper,106,2022-04-29
drawdata,7,2022-04-29
human-learn,15,2022-04-29
memo,22,2022-04-29
mktestdocs,50,2022-04-29
pytest-duration-insights,44,2022-04-29
scikit-lego,533,2022-04-29
tokenwiser,39,2022-04-29
whatlies,113,2022-04-29
clumper,54,2022-04-30
drawdata,2,2022-04-30
human-learn,3,2022-04-30
memo,16,2022-04-30
mktestdocs,18,2022-04-30
pytest-duration-insights,47,2022-04-30
scikit-lego,265,2022-04-30
tokenwiser,1,2022-04-30
whatlies,23,2022-04-30
clumper,76,2022-05-01
drawdata,2,2022-05-01
human-learn,1,2022-05-01
memo,2,2022-05-01
mktestdocs,33,2022-05-01
pytest-duration-insights,13,2022-05-01
scikit-lego,368,2022-05-01
tokenwiser,3,2022-05-01
whatlies,24,2022-05-01
clumper,91,2022-05-02
drawdata,14,2022-05-02
human-learn,15,2022-05-02
memo,20,2022-05-02
mktestdocs,58,2022-05-02
pytest-duration-insights,33,2022-05-02
scikit-lego,434,2022-05-02
tokenwiser,39,2022-05-02
whatlies,102,2022-05-02
clumper,95,2022-05-03
drawdata,174,2022-05-03
human-learn,13,2022-05-03
memo,9,2022-05-03
mktestdocs,46,2022-05-03
pytest-duration-insights,38,2022-05-03
scikit-lego,670,2022-05-03
tokenwiser,5,2022-05-03
whatlies,84,2022-05-03
clumper,108,2022-05-04
drawdata,217,2022-05-04
human-learn,10,2022-05-04
memo,23,2022-05-04
mktestdocs,55,2022-05-04
pytest-duration-insights,34,2022-05-04
scikit-lego,708,2022-05-04
tokenwiser,1,2022-05-04
whatlies,27,2022-05-04
clumper,232,2022-05-05
drawdata,93,2022-05-05
human-learn,7,2022-05-05
memo,13,2022-05-05
mktestdocs,79,2022-05-05
pytest-duration-insights,18,2022-05-05
scikit-lego,427,2022-05-05
whatlies,34,2022-05-05
